"category","hist_proj","year","total","use_cat"
"National Health","Historical",1960,27214,"N"
"National Health","Historical",1961,29138,"N"
"National Health","Historical",1962,31842,"N"
"National Health","Historical",1963,34595,"N"
"National Health","Historical",1964,38394,"N"
"National Health","Historical",1965,41852,"N"
"National Health","Historical",1966,46081,"N"
"National Health","Historical",1967,51565,"N"
"National Health","Historical",1968,58402,"N"
"National Health","Historical",1969,65923,"N"
"National Health","Historical",1970,74563,"N"
"National Health","Historical",1971,82728,"N"
"National Health","Historical",1972,92657,"N"
"National Health","Historical",1973,102809,"N"
"National Health","Historical",1974,116545,"N"
"National Health","Historical",1975,133283,"N"
"National Health","Historical",1976,152742,"N"
"National Health","Historical",1977,173850,"N"
"National Health","Historical",1978,195332,"N"
"National Health","Historical",1979,221528,"N"
"National Health","Historical",1980,255331,"N"
"National Health","Historical",1981,296155,"N"
"National Health","Historical",1982,334044,"N"
"National Health","Historical",1983,367809,"N"
"National Health","Historical",1984,404995,"N"
"National Health","Historical",1985,442900,"N"
"National Health","Historical",1986,474686,"N"
"National Health","Historical",1987,516520,"N"
"National Health","Historical",1988,579278,"N"
"National Health","Historical",1989,644770,"N"
"National Health","Historical",1990,721393,"N"
"National Health","Historical",1991,788062,"N"
"National Health","Historical",1992,854068,"N"
"National Health","Historical",1993,916581,"N"
"National Health","Historical",1994,967219,"N"
"National Health","Historical",1995,1021635,"N"
"National Health","Historical",1996,1074409,"N"
"National Health","Historical",1997,1135224,"N"
"National Health","Historical",1998,1201451,"N"
"National Health","Historical",1999,1277700,"N"
"National Health","Historical",2000,1369125,"N"
"National Health","Historical",2001,1486158,"N"
"National Health","Historical",2002,1628624,"N"
"National Health","Historical",2003,1767567,"N"
"National Health","Historical",2004,1895724,"N"
"National Health","Historical",2005,2023744,"N"
"National Health","Historical",2006,2156158,"N"
"National Health","Historical",2007,2295307,"N"
"National Health","Historical",2008,2399121,"N"
"National Health","Historical",2009,2495414,"N"
"National Health","Historical",2010,2598823,"N"
"National Health","Historical",2011,2689349,"N"
"National Health","Historical",2012,2797260,"N"
"National Health","Historical",2013,2879008,"N"
"National Health","Historical",2014,3026157,"N"
"National Health","Historical",2015,3200815,"N"
"National Health","Historical",2016,3337248,"N"
"National Health","Projected",2017,3489224,"N"
"National Health","Projected",2018,3675337,"N"
"National Health","Projected",2019,3867560,"N"
"National Health","Projected",2020,4090934,"N"
"National Health","Projected",2021,4321981,"N"
"National Health","Projected",2022,4561812,"N"
"National Health","Projected",2023,4818474,"N"
"National Health","Projected",2024,5090855,"N"
"National Health","Projected",2025,5369758,"N"
"National Health","Projected",2026,5696239,"N"
"Health Consumption","Historical",1960,24706,"N"
"Health Consumption","Historical",1961,26332,"N"
"Health Consumption","Historical",1962,28414,"N"
"Health Consumption","Historical",1963,30918,"N"
"Health Consumption","Historical",1964,34130,"N"
"Health Consumption","Historical",1965,37186,"N"
"Health Consumption","Historical",1966,41227,"N"
"Health Consumption","Historical",1967,46502,"N"
"Health Consumption","Historical",1968,52689,"N"
"Health Consumption","Historical",1969,59097,"N"
"Health Consumption","Historical",1970,67046,"N"
"Health Consumption","Historical",1971,74339,"N"
"Health Consumption","Historical",1972,83350,"N"
"Health Consumption","Historical",1973,93092,"N"
"Health Consumption","Historical",1974,105884,"N"
"Health Consumption","Historical",1975,121106,"N"
"Health Consumption","Historical",1976,139293,"N"
"Health Consumption","Historical",1977,159946,"N"
"Health Consumption","Historical",1978,180046,"N"
"Health Consumption","Historical",1979,204567,"N"
"Health Consumption","Historical",1980,235475,"N"
"Health Consumption","Historical",1981,273418,"N"
"Health Consumption","Historical",1982,308038,"N"
"Health Consumption","Historical",1983,339453,"N"
"Health Consumption","Historical",1984,375119,"N"
"Health Consumption","Historical",1985,412836,"N"
"Health Consumption","Historical",1986,443712,"N"
"Health Consumption","Historical",1987,482287,"N"
"Health Consumption","Historical",1988,540513,"N"
"Health Consumption","Historical",1989,602254,"N"
"Health Consumption","Historical",1990,674070,"N"
"Health Consumption","Historical",1991,737681,"N"
"Health Consumption","Historical",1992,798746,"N"
"Health Consumption","Historical",1993,857725,"N"
"Health Consumption","Historical",1994,905667,"N"
"Health Consumption","Historical",1995,958171,"N"
"Health Consumption","Historical",1996,1009589,"N"
"Health Consumption","Historical",1997,1064791,"N"
"Health Consumption","Historical",1998,1126317,"N"
"Health Consumption","Historical",1999,1196936,"N"
"Health Consumption","Historical",2000,1285810,"N"
"Health Consumption","Historical",2001,1398783,"N"
"Health Consumption","Historical",2002,1531855,"N"
"Health Consumption","Historical",2003,1663848,"N"
"Health Consumption","Historical",2004,1784348,"N"
"Health Consumption","Historical",2005,1904019,"N"
"Health Consumption","Historical",2006,2031001,"N"
"Health Consumption","Historical",2007,2156912,"N"
"Health Consumption","Historical",2008,2251114,"N"
"Health Consumption","Historical",2009,2356450,"N"
"Health Consumption","Historical",2010,2456085,"N"
"Health Consumption","Historical",2011,2539878,"N"
"Health Consumption","Historical",2012,2644030,"N"
"Health Consumption","Historical",2013,2725865,"N"
"Health Consumption","Historical",2014,2876445,"N"
"Health Consumption","Historical",2015,3047118,"N"
"Health Consumption","Historical",2016,3179830,"N"
"Health Consumption","Projected",2017,3325368,"N"
"Health Consumption","Projected",2018,3504251,"N"
"Health Consumption","Projected",2019,3687794,"N"
"Health Consumption","Projected",2020,3901690,"N"
"Health Consumption","Projected",2021,4122577,"N"
"Health Consumption","Projected",2022,4351727,"N"
"Health Consumption","Projected",2023,4597226,"N"
"Health Consumption","Projected",2024,4858003,"N"
"Health Consumption","Projected",2025,5124265,"N"
"Health Consumption","Projected",2026,5437079,"N"
"Personal Health Care","Historical",1960,23263,"Y"
"Personal Health Care","Historical",1961,24755,"Y"
"Personal Health Care","Historical",1962,26665,"Y"
"Personal Health Care","Historical",1963,29076,"Y"
"Personal Health Care","Historical",1964,32039,"Y"
"Personal Health Care","Historical",1965,34720,"Y"
"Personal Health Care","Historical",1966,38426,"Y"
"Personal Health Care","Historical",1967,43500,"Y"
"Personal Health Care","Historical",1968,49128,"Y"
"Personal Health Care","Historical",1969,55510,"Y"
"Personal Health Care","Historical",1970,63059,"Y"
"Personal Health Care","Historical",1971,69437,"Y"
"Personal Health Care","Historical",1972,77162,"Y"
"Personal Health Care","Historical",1973,86152,"Y"
"Personal Health Care","Historical",1974,98784,"Y"
"Personal Health Care","Historical",1975,113217,"Y"
"Personal Health Care","Historical",1976,129312,"Y"
"Personal Health Care","Historical",1977,146674,"Y"
"Personal Health Care","Historical",1978,164236,"Y"
"Personal Health Care","Historical",1979,187128,"Y"
"Personal Health Care","Historical",1980,216977,"Y"
"Personal Health Care","Historical",1981,251789,"Y"
"Personal Health Care","Historical",1982,283073,"Y"
"Personal Health Care","Historical",1983,311677,"Y"
"Personal Health Care","Historical",1984,341645,"Y"
"Personal Health Care","Historical",1985,376376,"Y"
"Personal Health Care","Historical",1986,408840,"Y"
"Personal Health Care","Historical",1987,447696,"Y"
"Personal Health Care","Historical",1988,498497,"Y"
"Personal Health Care","Historical",1989,550414,"Y"
"Personal Health Care","Historical",1990,615326,"Y"
"Personal Health Care","Historical",1991,675896,"Y"
"Personal Health Care","Historical",1992,731455,"Y"
"Personal Health Care","Historical",1993,778684,"Y"
"Personal Health Care","Historical",1994,820171,"Y"
"Personal Health Care","Historical",1995,869575,"Y"
"Personal Health Care","Historical",1996,917535,"Y"
"Personal Health Care","Historical",1997,969240,"Y"
"Personal Health Care","Historical",1998,1025628,"Y"
"Personal Health Care","Historical",1999,1085733,"Y"
"Personal Health Care","Historical",2000,1161521,"Y"
"Personal Health Care","Historical",2001,1261400,"Y"
"Personal Health Care","Historical",2002,1367124,"Y"
"Personal Health Care","Historical",2003,1477193,"Y"
"Personal Health Care","Historical",2004,1587482,"Y"
"Personal Health Care","Historical",2005,1695727,"Y"
"Personal Health Care","Historical",2006,1804285,"Y"
"Personal Health Care","Historical",2007,1918436,"Y"
"Personal Health Care","Historical",2008,2010660,"Y"
"Personal Health Care","Historical",2009,2114571,"Y"
"Personal Health Care","Historical",2010,2196023,"Y"
"Personal Health Care","Historical",2011,2273972,"Y"
"Personal Health Care","Historical",2012,2366946,"Y"
"Personal Health Care","Historical",2013,2436714,"Y"
"Personal Health Care","Historical",2014,2560211,"Y"
"Personal Health Care","Historical",2015,2715542,"Y"
"Personal Health Care","Historical",2016,2833991,"Y"
"Personal Health Care","Projected",2017,2958042,"Y"
"Personal Health Care","Projected",2018,3112700,"Y"
"Personal Health Care","Projected",2019,3284039,"Y"
"Personal Health Care","Projected",2020,3466282,"Y"
"Personal Health Care","Projected",2021,3664061,"Y"
"Personal Health Care","Projected",2022,3868854,"Y"
"Personal Health Care","Projected",2023,4087725,"Y"
"Personal Health Care","Projected",2024,4320191,"Y"
"Personal Health Care","Projected",2025,4557076,"Y"
"Personal Health Care","Projected",2026,4836300,"Y"
"Hospital","Historical",1960,8985,"Y"
"Hospital","Historical",1961,9777,"Y"
"Hospital","Historical",1962,10432,"Y"
"Hospital","Historical",1963,11507,"Y"
"Hospital","Historical",1964,12501,"Y"
"Hospital","Historical",1965,13545,"Y"
"Hospital","Historical",1966,15298,"Y"
"Hospital","Historical",1967,17798,"Y"
"Hospital","Historical",1968,20537,"Y"
"Hospital","Historical",1969,23367,"Y"
"Hospital","Historical",1970,27168,"Y"
"Hospital","Historical",1971,30224,"Y"
"Hospital","Historical",1972,33846,"Y"
"Hospital","Historical",1973,37920,"Y"
"Hospital","Historical",1974,44139,"Y"
"Hospital","Historical",1975,51234,"Y"
"Hospital","Historical",1976,59402,"Y"
"Hospital","Historical",1977,67023,"Y"
"Hospital","Historical",1978,75621,"Y"
"Hospital","Historical",1979,86162,"Y"
"Hospital","Historical",1980,100517,"Y"
"Hospital","Historical",1981,117480,"Y"
"Hospital","Historical",1982,133647,"Y"
"Hospital","Historical",1983,144745,"Y"
"Hospital","Historical",1984,154366,"Y"
"Hospital","Historical",1985,164575,"Y"
"Hospital","Historical",1986,175629,"Y"
"Hospital","Historical",1987,189545,"Y"
"Hospital","Historical",1988,206455,"Y"
"Hospital","Historical",1989,225968,"Y"
"Hospital","Historical",1990,250439,"Y"
"Hospital","Historical",1991,275768,"Y"
"Hospital","Historical",1992,298477,"Y"
"Hospital","Historical",1993,315749,"Y"
"Hospital","Historical",1994,328366,"Y"
"Hospital","Historical",1995,339313,"Y"
"Hospital","Historical",1996,350799,"Y"
"Hospital","Historical",1997,363404,"Y"
"Hospital","Historical",1998,374917,"Y"
"Hospital","Historical",1999,393624,"Y"
"Hospital","Historical",2000,415531,"Y"
"Hospital","Historical",2001,449357,"Y"
"Hospital","Historical",2002,486474,"Y"
"Hospital","Historical",2003,525895,"Y"
"Hospital","Historical",2004,565332,"Y"
"Hospital","Historical",2005,608582,"Y"
"Hospital","Historical",2006,651219,"Y"
"Hospital","Historical",2007,691887,"Y"
"Hospital","Historical",2008,725625,"Y"
"Hospital","Historical",2009,779600,"Y"
"Hospital","Historical",2010,822301,"Y"
"Hospital","Historical",2011,851850,"Y"
"Hospital","Historical",2012,902539,"Y"
"Hospital","Historical",2013,937645,"Y"
"Hospital","Historical",2014,978148,"Y"
"Hospital","Historical",2015,1033435,"Y"
"Hospital","Historical",2016,1082479,"Y"
"Hospital","Projected",2017,1132561,"Y"
"Hospital","Projected",2018,1189911,"Y"
"Hospital","Projected",2019,1256017,"Y"
"Hospital","Projected",2020,1326396,"Y"
"Hospital","Projected",2021,1401708,"Y"
"Hospital","Projected",2022,1478273,"Y"
"Hospital","Projected",2023,1559809,"Y"
"Hospital","Projected",2024,1645323,"Y"
"Hospital","Projected",2025,1735463,"Y"
"Hospital","Projected",2026,1848155,"Y"
"Physician and Clinical","Historical",1960,5551,"Y"
"Physician and Clinical","Historical",1961,5814,"Y"
"Physician and Clinical","Historical",1962,6261,"Y"
"Physician and Clinical","Historical",1963,7074,"Y"
"Physician and Clinical","Historical",1964,8109,"Y"
"Physician and Clinical","Historical",1965,8587,"Y"
"Physician and Clinical","Historical",1966,9309,"Y"
"Physician and Clinical","Historical",1967,10448,"Y"
"Physician and Clinical","Historical",1968,11344,"Y"
"Physician and Clinical","Historical",1969,12716,"Y"
"Physician and Clinical","Historical",1970,14331,"Y"
"Physician and Clinical","Historical",1971,15917,"Y"
"Physician and Clinical","Historical",1972,17706,"Y"
"Physician and Clinical","Historical",1973,19559,"Y"
"Physician and Clinical","Historical",1974,22215,"Y"
"Physician and Clinical","Historical",1975,25309,"Y"
"Physician and Clinical","Historical",1976,28672,"Y"
"Physician and Clinical","Historical",1977,33112,"Y"
"Physician and Clinical","Historical",1978,35833,"Y"
"Physician and Clinical","Historical",1979,41192,"Y"
"Physician and Clinical","Historical",1980,47717,"Y"
"Physician and Clinical","Historical",1981,55619,"Y"
"Physician and Clinical","Historical",1982,61635,"Y"
"Physician and Clinical","Historical",1983,68643,"Y"
"Physician and Clinical","Historical",1984,77413,"Y"
"Physician and Clinical","Historical",1985,90856,"Y"
"Physician and Clinical","Historical",1986,100667,"Y"
"Physician and Clinical","Historical",1987,112800,"Y"
"Physician and Clinical","Historical",1988,128416,"Y"
"Physician and Clinical","Historical",1989,142937,"Y"
"Physician and Clinical","Historical",1990,158392,"Y"
"Physician and Clinical","Historical",1991,175750,"Y"
"Physician and Clinical","Historical",1992,190156,"Y"
"Physician and Clinical","Historical",1993,201417,"Y"
"Physician and Clinical","Historical",1994,210478,"Y"
"Physician and Clinical","Historical",1995,220300,"Y"
"Physician and Clinical","Historical",1996,228418,"Y"
"Physician and Clinical","Historical",1997,238853,"Y"
"Physician and Clinical","Historical",1998,256454,"Y"
"Physician and Clinical","Historical",1999,269487,"Y"
"Physician and Clinical","Historical",2000,288164,"Y"
"Physician and Clinical","Historical",2001,312670,"Y"
"Physician and Clinical","Historical",2002,337663,"Y"
"Physician and Clinical","Historical",2003,364296,"Y"
"Physician and Clinical","Historical",2004,389392,"Y"
"Physician and Clinical","Historical",2005,413003,"Y"
"Physician and Clinical","Historical",2006,434722,"Y"
"Physician and Clinical","Historical",2007,457512,"Y"
"Physician and Clinical","Historical",2008,481878,"Y"
"Physician and Clinical","Historical",2009,497679,"Y"
"Physician and Clinical","Historical",2010,512573,"Y"
"Physician and Clinical","Historical",2011,535861,"Y"
"Physician and Clinical","Historical",2012,557115,"Y"
"Physician and Clinical","Historical",2013,569569,"Y"
"Physician and Clinical","Historical",2014,595718,"Y"
"Physician and Clinical","Historical",2015,631037,"Y"
"Physician and Clinical","Historical",2016,664882,"Y"
"Physician and Clinical","Projected",2017,698294,"Y"
"Physician and Clinical","Projected",2018,733875,"Y"
"Physician and Clinical","Projected",2019,774674,"Y"
"Physician and Clinical","Projected",2020,814215,"Y"
"Physician and Clinical","Projected",2021,857302,"Y"
"Physician and Clinical","Projected",2022,900732,"Y"
"Physician and Clinical","Projected",2023,948205,"Y"
"Physician and Clinical","Projected",2024,999917,"Y"
"Physician and Clinical","Projected",2025,1050917,"Y"
"Physician and Clinical","Projected",2026,1110178,"Y"
"Dental Services","Historical",1960,1987,"Y"
"Dental Services","Historical",1961,2103,"Y"
"Dental Services","Historical",1962,2224,"Y"
"Dental Services","Historical",1963,2371,"Y"
"Dental Services","Historical",1964,2616,"Y"
"Dental Services","Historical",1965,2818,"Y"
"Dental Services","Historical",1966,2992,"Y"
"Dental Services","Historical",1967,3446,"Y"
"Dental Services","Historical",1968,3704,"Y"
"Dental Services","Historical",1969,4216,"Y"
"Dental Services","Historical",1970,4711,"Y"
"Dental Services","Historical",1971,5226,"Y"
"Dental Services","Historical",1972,5566,"Y"
"Dental Services","Historical",1973,6379,"Y"
"Dental Services","Historical",1974,7139,"Y"
"Dental Services","Historical",1975,8023,"Y"
"Dental Services","Historical",1976,9042,"Y"
"Dental Services","Historical",1977,10129,"Y"
"Dental Services","Historical",1978,11039,"Y"
"Dental Services","Historical",1979,11984,"Y"
"Dental Services","Historical",1980,13320,"Y"
"Dental Services","Historical",1981,15706,"Y"
"Dental Services","Historical",1982,16971,"Y"
"Dental Services","Historical",1983,18290,"Y"
"Dental Services","Historical",1984,19859,"Y"
"Dental Services","Historical",1985,21694,"Y"
"Dental Services","Historical",1986,23164,"Y"
"Dental Services","Historical",1987,25322,"Y"
"Dental Services","Historical",1988,27394,"Y"
"Dental Services","Historical",1989,29377,"Y"
"Dental Services","Historical",1990,31598,"Y"
"Dental Services","Historical",1991,33397,"Y"
"Dental Services","Historical",1992,37133,"Y"
"Dental Services","Historical",1993,39006,"Y"
"Dental Services","Historical",1994,41558,"Y"
"Dental Services","Historical",1995,44615,"Y"
"Dental Services","Historical",1996,46943,"Y"
"Dental Services","Historical",1997,50292,"Y"
"Dental Services","Historical",1998,53600,"Y"
"Dental Services","Historical",1999,57255,"Y"
"Dental Services","Historical",2000,62133,"Y"
"Dental Services","Historical",2001,67709,"Y"
"Dental Services","Historical",2002,73636,"Y"
"Dental Services","Historical",2003,76316,"Y"
"Dental Services","Historical",2004,82189,"Y"
"Dental Services","Historical",2005,87201,"Y"
"Dental Services","Historical",2006,91766,"Y"
"Dental Services","Historical",2007,97732,"Y"
"Dental Services","Historical",2008,102708,"Y"
"Dental Services","Historical",2009,103097,"Y"
"Dental Services","Historical",2010,105860,"Y"
"Dental Services","Historical",2011,107986,"Y"
"Dental Services","Historical",2012,109700,"Y"
"Dental Services","Historical",2013,111056,"Y"
"Dental Services","Historical",2014,113808,"Y"
"Dental Services","Historical",2015,118857,"Y"
"Dental Services","Historical",2016,124373,"Y"
"Dental Services","Projected",2017,129054,"Y"
"Dental Services","Projected",2018,134440,"Y"
"Dental Services","Projected",2019,140402,"Y"
"Dental Services","Projected",2020,146965,"Y"
"Dental Services","Projected",2021,153744,"Y"
"Dental Services","Projected",2022,161175,"Y"
"Dental Services","Projected",2023,168724,"Y"
"Dental Services","Projected",2024,176515,"Y"
"Dental Services","Projected",2025,184338,"Y"
"Dental Services","Projected",2026,192040,"Y"
"Other Professional Services","Historical",1960,392,"Y"
"Other Professional Services","Historical",1961,409,"Y"
"Other Professional Services","Historical",1962,429,"Y"
"Other Professional Services","Historical",1963,451,"Y"
"Other Professional Services","Historical",1964,486,"Y"
"Other Professional Services","Historical",1965,533,"Y"
"Other Professional Services","Historical",1966,572,"Y"
"Other Professional Services","Historical",1967,608,"Y"
"Other Professional Services","Historical",1968,644,"Y"
"Other Professional Services","Historical",1969,678,"Y"
"Other Professional Services","Historical",1970,726,"Y"
"Other Professional Services","Historical",1971,793,"Y"
"Other Professional Services","Historical",1972,893,"Y"
"Other Professional Services","Historical",1973,1022,"Y"
"Other Professional Services","Historical",1974,1163,"Y"
"Other Professional Services","Historical",1975,1337,"Y"
"Other Professional Services","Historical",1976,1564,"Y"
"Other Professional Services","Historical",1977,2058,"Y"
"Other Professional Services","Historical",1978,2403,"Y"
"Other Professional Services","Historical",1979,2847,"Y"
"Other Professional Services","Historical",1980,3478,"Y"
"Other Professional Services","Historical",1981,4273,"Y"
"Other Professional Services","Historical",1982,4917,"Y"
"Other Professional Services","Historical",1983,5651,"Y"
"Other Professional Services","Historical",1984,7328,"Y"
"Other Professional Services","Historical",1985,8113,"Y"
"Other Professional Services","Historical",1986,9284,"Y"
"Other Professional Services","Historical",1987,11329,"Y"
"Other Professional Services","Historical",1988,13722,"Y"
"Other Professional Services","Historical",1989,14499,"Y"
"Other Professional Services","Historical",1990,17278,"Y"
"Other Professional Services","Historical",1991,18559,"Y"
"Other Professional Services","Historical",1992,20860,"Y"
"Other Professional Services","Historical",1993,22956,"Y"
"Other Professional Services","Historical",1994,23974,"Y"
"Other Professional Services","Historical",1995,26671,"Y"
"Other Professional Services","Historical",1996,28857,"Y"
"Other Professional Services","Historical",1997,31275,"Y"
"Other Professional Services","Historical",1998,33424,"Y"
"Other Professional Services","Historical",1999,34614,"Y"
"Other Professional Services","Historical",2000,36647,"Y"
"Other Professional Services","Historical",2001,40266,"Y"
"Other Professional Services","Historical",2002,43338,"Y"
"Other Professional Services","Historical",2003,46523,"Y"
"Other Professional Services","Historical",2004,50211,"Y"
"Other Professional Services","Historical",2005,52795,"Y"
"Other Professional Services","Historical",2006,55264,"Y"
"Other Professional Services","Historical",2007,60055,"Y"
"Other Professional Services","Historical",2008,64486,"Y"
"Other Professional Services","Historical",2009,67037,"Y"
"Other Professional Services","Historical",2010,69889,"Y"
"Other Professional Services","Historical",2011,72794,"Y"
"Other Professional Services","Historical",2012,76429,"Y"
"Other Professional Services","Historical",2013,78742,"Y"
"Other Professional Services","Historical",2014,82960,"Y"
"Other Professional Services","Historical",2015,87849,"Y"
"Other Professional Services","Historical",2016,91980,"Y"
"Other Professional Services","Projected",2017,96492,"Y"
"Other Professional Services","Projected",2018,101571,"Y"
"Other Professional Services","Projected",2019,107678,"Y"
"Other Professional Services","Projected",2020,113681,"Y"
"Other Professional Services","Projected",2021,119981,"Y"
"Other Professional Services","Projected",2022,126443,"Y"
"Other Professional Services","Projected",2023,133237,"Y"
"Other Professional Services","Projected",2024,140670,"Y"
"Other Professional Services","Projected",2025,147295,"Y"
"Other Professional Services","Projected",2026,155612,"Y"
"Home Health Care","Historical",1960,57,"Y"
"Home Health Care","Historical",1961,61,"Y"
"Home Health Care","Historical",1962,65,"Y"
"Home Health Care","Historical",1963,69,"Y"
"Home Health Care","Historical",1964,75,"Y"
"Home Health Care","Historical",1965,89,"Y"
"Home Health Care","Historical",1966,108,"Y"
"Home Health Care","Historical",1967,164,"Y"
"Home Health Care","Historical",1968,238,"Y"
"Home Health Care","Historical",1969,272,"Y"
"Home Health Care","Historical",1970,220,"Y"
"Home Health Care","Historical",1971,194,"Y"
"Home Health Care","Historical",1972,220,"Y"
"Home Health Care","Historical",1973,276,"Y"
"Home Health Care","Historical",1974,423,"Y"
"Home Health Care","Historical",1975,623,"Y"
"Home Health Care","Historical",1976,896,"Y"
"Home Health Care","Historical",1977,1147,"Y"
"Home Health Care","Historical",1978,1556,"Y"
"Home Health Care","Historical",1979,1899,"Y"
"Home Health Care","Historical",1980,2378,"Y"
"Home Health Care","Historical",1981,2938,"Y"
"Home Health Care","Historical",1982,3482,"Y"
"Home Health Care","Historical",1983,4237,"Y"
"Home Health Care","Historical",1984,5129,"Y"
"Home Health Care","Historical",1985,5633,"Y"
"Home Health Care","Historical",1986,6368,"Y"
"Home Health Care","Historical",1987,6636,"Y"
"Home Health Care","Historical",1988,8406,"Y"
"Home Health Care","Historical",1989,10213,"Y"
"Home Health Care","Historical",1990,12534,"Y"
"Home Health Care","Historical",1991,15135,"Y"
"Home Health Care","Historical",1992,18690,"Y"
"Home Health Care","Historical",1993,22748,"Y"
"Home Health Care","Historical",1994,27307,"Y"
"Home Health Care","Historical",1995,32270,"Y"
"Home Health Care","Historical",1996,35716,"Y"
"Home Health Care","Historical",1997,36885,"Y"
"Home Health Care","Historical",1998,34072,"Y"
"Home Health Care","Historical",1999,32756,"Y"
"Home Health Care","Historical",2000,32294,"Y"
"Home Health Care","Historical",2001,34271,"Y"
"Home Health Care","Historical",2002,36464,"Y"
"Home Health Care","Historical",2003,40179,"Y"
"Home Health Care","Historical",2004,44641,"Y"
"Home Health Care","Historical",2005,49343,"Y"
"Home Health Care","Historical",2006,52052,"Y"
"Home Health Care","Historical",2007,57475,"Y"
"Home Health Care","Historical",2008,62339,"Y"
"Home Health Care","Historical",2009,67705,"Y"
"Home Health Care","Historical",2010,71595,"Y"
"Home Health Care","Historical",2011,74613,"Y"
"Home Health Care","Historical",2012,78085,"Y"
"Home Health Care","Historical",2013,80502,"Y"
"Home Health Care","Historical",2014,83957,"Y"
"Home Health Care","Historical",2015,88816,"Y"
"Home Health Care","Historical",2016,92364,"Y"
"Home Health Care","Projected",2017,97086,"Y"
"Home Health Care","Projected",2018,102817,"Y"
"Home Health Care","Projected",2019,109721,"Y"
"Home Health Care","Projected",2020,117087,"Y"
"Home Health Care","Projected",2021,124982,"Y"
"Home Health Care","Projected",2022,133274,"Y"
"Home Health Care","Projected",2023,142060,"Y"
"Home Health Care","Projected",2024,151325,"Y"
"Home Health Care","Projected",2025,160896,"Y"
"Home Health Care","Projected",2026,172622,"Y"
"Non-Durable Medical Products","Historical",1960,1626,"Y"
"Non-Durable Medical Products","Historical",1961,1764,"Y"
"Non-Durable Medical Products","Historical",1962,1901,"Y"
"Non-Durable Medical Products","Historical",1963,1944,"Y"
"Non-Durable Medical Products","Historical",1964,2083,"Y"
"Non-Durable Medical Products","Historical",1965,2211,"Y"
"Non-Durable Medical Products","Historical",1966,2377,"Y"
"Non-Durable Medical Products","Historical",1967,2527,"Y"
"Non-Durable Medical Products","Historical",1968,2677,"Y"
"Non-Durable Medical Products","Historical",1969,2967,"Y"
"Non-Durable Medical Products","Historical",1970,3325,"Y"
"Non-Durable Medical Products","Historical",1971,3470,"Y"
"Non-Durable Medical Products","Historical",1972,3672,"Y"
"Non-Durable Medical Products","Historical",1973,3983,"Y"
"Non-Durable Medical Products","Historical",1974,4491,"Y"
"Non-Durable Medical Products","Historical",1975,4949,"Y"
"Non-Durable Medical Products","Historical",1976,5433,"Y"
"Non-Durable Medical Products","Historical",1977,6083,"Y"
"Non-Durable Medical Products","Historical",1978,7137,"Y"
"Non-Durable Medical Products","Historical",1979,8450,"Y"
"Non-Durable Medical Products","Historical",1980,9801,"Y"
"Non-Durable Medical Products","Historical",1981,11296,"Y"
"Non-Durable Medical Products","Historical",1982,12581,"Y"
"Non-Durable Medical Products","Historical",1983,13755,"Y"
"Non-Durable Medical Products","Historical",1984,14976,"Y"
"Non-Durable Medical Products","Historical",1985,15955,"Y"
"Non-Durable Medical Products","Historical",1986,17063,"Y"
"Non-Durable Medical Products","Historical",1987,18265,"Y"
"Non-Durable Medical Products","Historical",1988,19376,"Y"
"Non-Durable Medical Products","Historical",1989,20819,"Y"
"Non-Durable Medical Products","Historical",1990,22446,"Y"
"Non-Durable Medical Products","Historical",1991,23247,"Y"
"Non-Durable Medical Products","Historical",1992,23213,"Y"
"Non-Durable Medical Products","Historical",1993,23742,"Y"
"Non-Durable Medical Products","Historical",1994,24310,"Y"
"Non-Durable Medical Products","Historical",1995,25100,"Y"
"Non-Durable Medical Products","Historical",1996,26004,"Y"
"Non-Durable Medical Products","Historical",1997,27581,"Y"
"Non-Durable Medical Products","Historical",1998,28574,"Y"
"Non-Durable Medical Products","Historical",1999,30624,"Y"
"Non-Durable Medical Products","Historical",2000,31568,"Y"
"Non-Durable Medical Products","Historical",2001,32250,"Y"
"Non-Durable Medical Products","Historical",2002,33292,"Y"
"Non-Durable Medical Products","Historical",2003,36199,"Y"
"Non-Durable Medical Products","Historical",2004,38088,"Y"
"Non-Durable Medical Products","Historical",2005,40805,"Y"
"Non-Durable Medical Products","Historical",2006,43733,"Y"
"Non-Durable Medical Products","Historical",2007,47752,"Y"
"Non-Durable Medical Products","Historical",2008,49472,"Y"
"Non-Durable Medical Products","Historical",2009,50328,"Y"
"Non-Durable Medical Products","Historical",2010,51246,"Y"
"Non-Durable Medical Products","Historical",2011,52825,"Y"
"Non-Durable Medical Products","Historical",2012,53733,"Y"
"Non-Durable Medical Products","Historical",2013,55672,"Y"
"Non-Durable Medical Products","Historical",2014,56995,"Y"
"Non-Durable Medical Products","Historical",2015,59590,"Y"
"Non-Durable Medical Products","Historical",2016,62201,"Y"
"Non-Durable Medical Products","Projected",2017,65086,"Y"
"Non-Durable Medical Products","Projected",2018,67957,"Y"
"Non-Durable Medical Products","Projected",2019,71321,"Y"
"Non-Durable Medical Products","Projected",2020,74928,"Y"
"Non-Durable Medical Products","Projected",2021,78800,"Y"
"Non-Durable Medical Products","Projected",2022,83073,"Y"
"Non-Durable Medical Products","Projected",2023,87628,"Y"
"Non-Durable Medical Products","Projected",2024,92367,"Y"
"Non-Durable Medical Products","Projected",2025,97123,"Y"
"Non-Durable Medical Products","Projected",2026,101653,"Y"
"Prescription Drug","Historical",1960,2676,"Y"
"Prescription Drug","Historical",1961,2718,"Y"
"Prescription Drug","Historical",1962,3029,"Y"
"Prescription Drug","Historical",1963,3159,"Y"
"Prescription Drug","Historical",1964,3347,"Y"
"Prescription Drug","Historical",1965,3715,"Y"
"Prescription Drug","Historical",1966,3985,"Y"
"Prescription Drug","Historical",1967,4227,"Y"
"Prescription Drug","Historical",1968,4742,"Y"
"Prescription Drug","Historical",1969,5149,"Y"
"Prescription Drug","Historical",1970,5497,"Y"
"Prescription Drug","Historical",1971,5877,"Y"
"Prescription Drug","Historical",1972,6324,"Y"
"Prescription Drug","Historical",1973,6817,"Y"
"Prescription Drug","Historical",1974,7422,"Y"
"Prescription Drug","Historical",1975,8052,"Y"
"Prescription Drug","Historical",1976,8722,"Y"
"Prescription Drug","Historical",1977,9196,"Y"
"Prescription Drug","Historical",1978,9891,"Y"
"Prescription Drug","Historical",1979,10744,"Y"
"Prescription Drug","Historical",1980,12049,"Y"
"Prescription Drug","Historical",1981,13398,"Y"
"Prescription Drug","Historical",1982,15029,"Y"
"Prescription Drug","Historical",1983,17323,"Y"
"Prescription Drug","Historical",1984,19617,"Y"
"Prescription Drug","Historical",1985,21795,"Y"
"Prescription Drug","Historical",1986,24290,"Y"
"Prescription Drug","Historical",1987,26888,"Y"
"Prescription Drug","Historical",1988,30646,"Y"
"Prescription Drug","Historical",1989,34757,"Y"
"Prescription Drug","Historical",1990,40290,"Y"
"Prescription Drug","Historical",1991,44381,"Y"
"Prescription Drug","Historical",1992,46972,"Y"
"Prescription Drug","Historical",1993,49551,"Y"
"Prescription Drug","Historical",1994,53019,"Y"
"Prescription Drug","Historical",1995,59766,"Y"
"Prescription Drug","Historical",1996,68084,"Y"
"Prescription Drug","Historical",1997,77636,"Y"
"Prescription Drug","Historical",1998,88496,"Y"
"Prescription Drug","Historical",1999,104564,"Y"
"Prescription Drug","Historical",2000,121028,"Y"
"Prescription Drug","Historical",2001,139000,"Y"
"Prescription Drug","Historical",2002,157915,"Y"
"Prescription Drug","Historical",2003,176659,"Y"
"Prescription Drug","Historical",2004,192827,"Y"
"Prescription Drug","Historical",2005,205156,"Y"
"Prescription Drug","Historical",2006,224109,"Y"
"Prescription Drug","Historical",2007,235678,"Y"
"Prescription Drug","Historical",2008,241490,"Y"
"Prescription Drug","Historical",2009,252748,"Y"
"Prescription Drug","Historical",2010,253080,"Y"
"Prescription Drug","Historical",2011,258771,"Y"
"Prescription Drug","Historical",2012,259193,"Y"
"Prescription Drug","Historical",2013,265202,"Y"
"Prescription Drug","Historical",2014,297986,"Y"
"Prescription Drug","Historical",2015,324522,"Y"
"Prescription Drug","Historical",2016,328588,"Y"
"Prescription Drug","Projected",2017,338073,"Y"
"Prescription Drug","Projected",2018,360233,"Y"
"Prescription Drug","Projected",2019,380454,"Y"
"Prescription Drug","Projected",2020,404351,"Y"
"Prescription Drug","Projected",2021,432186,"Y"
"Prescription Drug","Projected",2022,462543,"Y"
"Prescription Drug","Projected",2023,495146,"Y"
"Prescription Drug","Projected",2024,530091,"Y"
"Prescription Drug","Projected",2025,565231,"Y"
"Prescription Drug","Projected",2026,604839,"Y"
"Durable Medical Equipment","Historical",1960,740,"Y"
"Durable Medical Equipment","Historical",1961,765,"Y"
"Durable Medical Equipment","Historical",1962,910,"Y"
"Durable Medical Equipment","Historical",1963,901,"Y"
"Durable Medical Equipment","Historical",1964,1004,"Y"
"Durable Medical Equipment","Historical",1965,1105,"Y"
"Durable Medical Equipment","Historical",1966,1242,"Y"
"Durable Medical Equipment","Historical",1967,1128,"Y"
"Durable Medical Equipment","Historical",1968,1317,"Y"
"Durable Medical Equipment","Historical",1969,1512,"Y"
"Durable Medical Equipment","Historical",1970,1747,"Y"
"Durable Medical Equipment","Historical",1971,1799,"Y"
"Durable Medical Equipment","Historical",1972,2032,"Y"
"Durable Medical Equipment","Historical",1973,2247,"Y"
"Durable Medical Equipment","Historical",1974,2506,"Y"
"Durable Medical Equipment","Historical",1975,2801,"Y"
"Durable Medical Equipment","Historical",1976,2987,"Y"
"Durable Medical Equipment","Historical",1977,3205,"Y"
"Durable Medical Equipment","Historical",1978,3447,"Y"
"Durable Medical Equipment","Historical",1979,3781,"Y"
"Durable Medical Equipment","Historical",1980,4054,"Y"
"Durable Medical Equipment","Historical",1981,4330,"Y"
"Durable Medical Equipment","Historical",1982,4570,"Y"
"Durable Medical Equipment","Historical",1983,5250,"Y"
"Durable Medical Equipment","Historical",1984,6142,"Y"
"Durable Medical Equipment","Historical",1985,7056,"Y"
"Durable Medical Equipment","Historical",1986,8067,"Y"
"Durable Medical Equipment","Historical",1987,9466,"Y"
"Durable Medical Equipment","Historical",1988,11078,"Y"
"Durable Medical Equipment","Historical",1989,11887,"Y"
"Durable Medical Equipment","Historical",1990,13767,"Y"
"Durable Medical Equipment","Historical",1991,13081,"Y"
"Durable Medical Equipment","Historical",1992,13498,"Y"
"Durable Medical Equipment","Historical",1993,14140,"Y"
"Durable Medical Equipment","Historical",1994,15318,"Y"
"Durable Medical Equipment","Historical",1995,15860,"Y"
"Durable Medical Equipment","Historical",1996,17432,"Y"
"Durable Medical Equipment","Historical",1997,19218,"Y"
"Durable Medical Equipment","Historical",1998,21358,"Y"
"Durable Medical Equipment","Historical",1999,23022,"Y"
"Durable Medical Equipment","Historical",2000,25165,"Y"
"Durable Medical Equipment","Historical",2001,25135,"Y"
"Durable Medical Equipment","Historical",2002,27131,"Y"
"Durable Medical Equipment","Historical",2003,28512,"Y"
"Durable Medical Equipment","Historical",2004,30370,"Y"
"Durable Medical Equipment","Historical",2005,32364,"Y"
"Durable Medical Equipment","Historical",2006,34409,"Y"
"Durable Medical Equipment","Historical",2007,37073,"Y"
"Durable Medical Equipment","Historical",2008,37678,"Y"
"Durable Medical Equipment","Historical",2009,37813,"Y"
"Durable Medical Equipment","Historical",2010,39925,"Y"
"Durable Medical Equipment","Historical",2011,42259,"Y"
"Durable Medical Equipment","Historical",2012,43679,"Y"
"Durable Medical Equipment","Historical",2013,45062,"Y"
"Durable Medical Equipment","Historical",2014,46678,"Y"
"Durable Medical Equipment","Historical",2015,48573,"Y"
"Durable Medical Equipment","Historical",2016,50952,"Y"
"Durable Medical Equipment","Projected",2017,52947,"Y"
"Durable Medical Equipment","Projected",2018,55688,"Y"
"Durable Medical Equipment","Projected",2019,58826,"Y"
"Durable Medical Equipment","Projected",2020,62365,"Y"
"Durable Medical Equipment","Projected",2021,66374,"Y"
"Durable Medical Equipment","Projected",2022,70685,"Y"
"Durable Medical Equipment","Projected",2023,75123,"Y"
"Durable Medical Equipment","Projected",2024,79657,"Y"
"Durable Medical Equipment","Projected",2025,84149,"Y"
"Durable Medical Equipment","Projected",2026,89105,"Y"
"Nursing Care Facilities and Continuing Care Retirement Communities","Historical",1960,811,"Y"
"Nursing Care Facilities and Continuing Care Retirement Communities","Historical",1961,841,"Y"
"Nursing Care Facilities and Continuing Care Retirement Communities","Historical",1962,876,"Y"
"Nursing Care Facilities and Continuing Care Retirement Communities","Historical",1963,1009,"Y"
"Nursing Care Facilities and Continuing Care Retirement Communities","Historical",1964,1168,"Y"
"Nursing Care Facilities and Continuing Care Retirement Communities","Historical",1965,1408,"Y"
"Nursing Care Facilities and Continuing Care Retirement Communities","Historical",1966,1732,"Y"
"Nursing Care Facilities and Continuing Care Retirement Communities","Historical",1967,2234,"Y"
"Nursing Care Facilities and Continuing Care Retirement Communities","Historical",1968,2851,"Y"
"Nursing Care Facilities and Continuing Care Retirement Communities","Historical",1969,3411,"Y"
"Nursing Care Facilities and Continuing Care Retirement Communities","Historical",1970,4034,"Y"
"Nursing Care Facilities and Continuing Care Retirement Communities","Historical",1971,4551,"Y"
"Nursing Care Facilities and Continuing Care Retirement Communities","Historical",1972,5227,"Y"
"Nursing Care Facilities and Continuing Care Retirement Communities","Historical",1973,5974,"Y"
"Nursing Care Facilities and Continuing Care Retirement Communities","Historical",1974,6928,"Y"
"Nursing Care Facilities and Continuing Care Retirement Communities","Historical",1975,8022,"Y"
"Nursing Care Facilities and Continuing Care Retirement Communities","Historical",1976,9057,"Y"
"Nursing Care Facilities and Continuing Care Retirement Communities","Historical",1977,10259,"Y"
"Nursing Care Facilities and Continuing Care Retirement Communities","Historical",1978,11845,"Y"
"Nursing Care Facilities and Continuing Care Retirement Communities","Historical",1979,13344,"Y"
"Nursing Care Facilities and Continuing Care Retirement Communities","Historical",1980,15270,"Y"
"Nursing Care Facilities and Continuing Care Retirement Communities","Historical",1981,17336,"Y"
"Nursing Care Facilities and Continuing Care Retirement Communities","Historical",1982,19478,"Y"
"Nursing Care Facilities and Continuing Care Retirement Communities","Historical",1983,21676,"Y"
"Nursing Care Facilities and Continuing Care Retirement Communities","Historical",1984,23713,"Y"
"Nursing Care Facilities and Continuing Care Retirement Communities","Historical",1985,26199,"Y"
"Nursing Care Facilities and Continuing Care Retirement Communities","Historical",1986,28642,"Y"
"Nursing Care Facilities and Continuing Care Retirement Communities","Historical",1987,30646,"Y"
"Nursing Care Facilities and Continuing Care Retirement Communities","Historical",1988,34225,"Y"
"Nursing Care Facilities and Continuing Care Retirement Communities","Historical",1989,38553,"Y"
"Nursing Care Facilities and Continuing Care Retirement Communities","Historical",1990,44745,"Y"
"Nursing Care Facilities and Continuing Care Retirement Communities","Historical",1991,49212,"Y"
"Nursing Care Facilities and Continuing Care Retirement Communities","Historical",1992,52848,"Y"
"Nursing Care Facilities and Continuing Care Retirement Communities","Historical",1993,55797,"Y"
"Nursing Care Facilities and Continuing Care Retirement Communities","Historical",1994,58385,"Y"
"Nursing Care Facilities and Continuing Care Retirement Communities","Historical",1995,64185,"Y"
"Nursing Care Facilities and Continuing Care Retirement Communities","Historical",1996,69235,"Y"
"Nursing Care Facilities and Continuing Care Retirement Communities","Historical",1997,74088,"Y"
"Nursing Care Facilities and Continuing Care Retirement Communities","Historical",1998,79106,"Y"
"Nursing Care Facilities and Continuing Care Retirement Communities","Historical",1999,80605,"Y"
"Nursing Care Facilities and Continuing Care Retirement Communities","Historical",2000,85045,"Y"
"Nursing Care Facilities and Continuing Care Retirement Communities","Historical",2001,90778,"Y"
"Nursing Care Facilities and Continuing Care Retirement Communities","Historical",2002,94500,"Y"
"Nursing Care Facilities and Continuing Care Retirement Communities","Historical",2003,100105,"Y"
"Nursing Care Facilities and Continuing Care Retirement Communities","Historical",2004,105086,"Y"
"Nursing Care Facilities and Continuing Care Retirement Communities","Historical",2005,111436,"Y"
"Nursing Care Facilities and Continuing Care Retirement Communities","Historical",2006,115929,"Y"
"Nursing Care Facilities and Continuing Care Retirement Communities","Historical",2007,124936,"Y"
"Nursing Care Facilities and Continuing Care Retirement Communities","Historical",2008,130458,"Y"
"Nursing Care Facilities and Continuing Care Retirement Communities","Historical",2009,135212,"Y"
"Nursing Care Facilities and Continuing Care Retirement Communities","Historical",2010,140488,"Y"
"Nursing Care Facilities and Continuing Care Retirement Communities","Historical",2011,145364,"Y"
"Nursing Care Facilities and Continuing Care Retirement Communities","Historical",2012,147370,"Y"
"Nursing Care Facilities and Continuing Care Retirement Communities","Historical",2013,149039,"Y"
"Nursing Care Facilities and Continuing Care Retirement Communities","Historical",2014,152398,"Y"
"Nursing Care Facilities and Continuing Care Retirement Communities","Historical",2015,158096,"Y"
"Nursing Care Facilities and Continuing Care Retirement Communities","Historical",2016,162685,"Y"
"Nursing Care Facilities and Continuing Care Retirement Communities","Projected",2017,168072,"Y"
"Nursing Care Facilities and Continuing Care Retirement Communities","Projected",2018,174607,"Y"
"Nursing Care Facilities and Continuing Care Retirement Communities","Projected",2019,182698,"Y"
"Nursing Care Facilities and Continuing Care Retirement Communities","Projected",2020,191859,"Y"
"Nursing Care Facilities and Continuing Care Retirement Communities","Projected",2021,201586,"Y"
"Nursing Care Facilities and Continuing Care Retirement Communities","Projected",2022,211898,"Y"
"Nursing Care Facilities and Continuing Care Retirement Communities","Projected",2023,223039,"Y"
"Nursing Care Facilities and Continuing Care Retirement Communities","Projected",2024,234795,"Y"
"Nursing Care Facilities and Continuing Care Retirement Communities","Projected",2025,246794,"Y"
"Nursing Care Facilities and Continuing Care Retirement Communities","Projected",2026,260970,"Y"
"Other Health, Residential, and Personal Care","Historical",1960,438,"Y"
"Other Health, Residential, and Personal Care","Historical",1961,505,"Y"
"Other Health, Residential, and Personal Care","Historical",1962,538,"Y"
"Other Health, Residential, and Personal Care","Historical",1963,590,"Y"
"Other Health, Residential, and Personal Care","Historical",1964,650,"Y"
"Other Health, Residential, and Personal Care","Historical",1965,709,"Y"
"Other Health, Residential, and Personal Care","Historical",1966,811,"Y"
"Other Health, Residential, and Personal Care","Historical",1967,921,"Y"
"Other Health, Residential, and Personal Care","Historical",1968,1074,"Y"
"Other Health, Residential, and Personal Care","Historical",1969,1222,"Y"
"Other Health, Residential, and Personal Care","Historical",1970,1299,"Y"
"Other Health, Residential, and Personal Care","Historical",1971,1388,"Y"
"Other Health, Residential, and Personal Care","Historical",1972,1676,"Y"
"Other Health, Residential, and Personal Care","Historical",1973,1975,"Y"
"Other Health, Residential, and Personal Care","Historical",1974,2358,"Y"
"Other Health, Residential, and Personal Care","Historical",1975,2869,"Y"
"Other Health, Residential, and Personal Care","Historical",1976,3536,"Y"
"Other Health, Residential, and Personal Care","Historical",1977,4461,"Y"
"Other Health, Residential, and Personal Care","Historical",1978,5466,"Y"
"Other Health, Residential, and Personal Care","Historical",1979,6724,"Y"
"Other Health, Residential, and Personal Care","Historical",1980,8394,"Y"
"Other Health, Residential, and Personal Care","Historical",1981,9413,"Y"
"Other Health, Residential, and Personal Care","Historical",1982,10764,"Y"
"Other Health, Residential, and Personal Care","Historical",1983,12107,"Y"
"Other Health, Residential, and Personal Care","Historical",1984,13101,"Y"
"Other Health, Residential, and Personal Care","Historical",1985,14499,"Y"
"Other Health, Residential, and Personal Care","Historical",1986,15666,"Y"
"Other Health, Residential, and Personal Care","Historical",1987,16798,"Y"
"Other Health, Residential, and Personal Care","Historical",1988,18779,"Y"
"Other Health, Residential, and Personal Care","Historical",1989,21402,"Y"
"Other Health, Residential, and Personal Care","Historical",1990,23835,"Y"
"Other Health, Residential, and Personal Care","Historical",1991,27365,"Y"
"Other Health, Residential, and Personal Care","Historical",1992,29607,"Y"
"Other Health, Residential, and Personal Care","Historical",1993,33578,"Y"
"Other Health, Residential, and Personal Care","Historical",1994,37458,"Y"
"Other Health, Residential, and Personal Care","Historical",1995,41496,"Y"
"Other Health, Residential, and Personal Care","Historical",1996,46048,"Y"
"Other Health, Residential, and Personal Care","Historical",1997,50008,"Y"
"Other Health, Residential, and Personal Care","Historical",1998,55628,"Y"
"Other Health, Residential, and Personal Care","Historical",1999,59182,"Y"
"Other Health, Residential, and Personal Care","Historical",2000,63945,"Y"
"Other Health, Residential, and Personal Care","Historical",2001,69964,"Y"
"Other Health, Residential, and Personal Care","Historical",2002,76711,"Y"
"Other Health, Residential, and Personal Care","Historical",2003,82509,"Y"
"Other Health, Residential, and Personal Care","Historical",2004,89345,"Y"
"Other Health, Residential, and Personal Care","Historical",2005,95043,"Y"
"Other Health, Residential, and Personal Care","Historical",2006,101082,"Y"
"Other Health, Residential, and Personal Care","Historical",2007,108335,"Y"
"Other Health, Residential, and Personal Care","Historical",2008,114526,"Y"
"Other Health, Residential, and Personal Care","Historical",2009,123354,"Y"
"Other Health, Residential, and Personal Care","Historical",2010,129066,"Y"
"Other Health, Residential, and Personal Care","Historical",2011,131650,"Y"
"Other Health, Residential, and Personal Care","Historical",2012,139103,"Y"
"Other Health, Residential, and Personal Care","Historical",2013,144226,"Y"
"Other Health, Residential, and Personal Care","Historical",2014,151561,"Y"
"Other Health, Residential, and Personal Care","Historical",2015,164767,"Y"
"Other Health, Residential, and Personal Care","Historical",2016,173486,"Y"
"Other Health, Residential, and Personal Care","Projected",2017,180376,"Y"
"Other Health, Residential, and Personal Care","Projected",2018,191602,"Y"
"Other Health, Residential, and Personal Care","Projected",2019,202247,"Y"
"Other Health, Residential, and Personal Care","Projected",2020,214435,"Y"
"Other Health, Residential, and Personal Care","Projected",2021,227399,"Y"
"Other Health, Residential, and Personal Care","Projected",2022,240757,"Y"
"Other Health, Residential, and Personal Care","Projected",2023,254753,"Y"
"Other Health, Residential, and Personal Care","Projected",2024,269532,"Y"
"Other Health, Residential, and Personal Care","Projected",2025,284870,"Y"
"Other Health, Residential, and Personal Care","Projected",2026,301127,"Y"
"Government Administration","Historical",1960,54,"N"
"Government Administration","Historical",1961,67,"N"
"Government Administration","Historical",1962,79,"N"
"Government Administration","Historical",1963,82,"N"
"Government Administration","Historical",1964,142,"N"
"Government Administration","Historical",1965,237,"N"
"Government Administration","Historical",1966,334,"N"
"Government Administration","Historical",1967,421,"N"
"Government Administration","Historical",1968,560,"N"
"Government Administration","Historical",1969,627,"N"
"Government Administration","Historical",1970,740,"N"
"Government Administration","Historical",1971,794,"N"
"Government Administration","Historical",1972,929,"N"
"Government Administration","Historical",1973,1087,"N"
"Government Administration","Historical",1974,1307,"N"
"Government Administration","Historical",1975,1493,"N"
"Government Administration","Historical",1976,1861,"N"
"Government Administration","Historical",1977,1942,"N"
"Government Administration","Historical",1978,2326,"N"
"Government Administration","Historical",1979,2507,"N"
"Government Administration","Historical",1980,2771,"N"
"Government Administration","Historical",1981,3154,"N"
"Government Administration","Historical",1982,3237,"N"
"Government Administration","Historical",1983,3592,"N"
"Government Administration","Historical",1984,4017,"N"
"Government Administration","Historical",1985,4536,"N"
"Government Administration","Historical",1986,4768,"N"
"Government Administration","Historical",1987,5110,"N"
"Government Administration","Historical",1988,5848,"N"
"Government Administration","Historical",1989,6533,"N"
"Government Administration","Historical",1990,7189,"N"
"Government Administration","Historical",1991,7966,"N"
"Government Administration","Historical",1992,8657,"N"
"Government Administration","Historical",1993,9260,"N"
"Government Administration","Historical",1994,10973,"N"
"Government Administration","Historical",1995,11710,"N"
"Government Administration","Historical",1996,10871,"N"
"Government Administration","Historical",1997,12265,"N"
"Government Administration","Historical",1998,13299,"N"
"Government Administration","Historical",1999,14500,"N"
"Government Administration","Historical",2000,17054,"N"
"Government Administration","Historical",2001,19564,"N"
"Government Administration","Historical",2002,22515,"N"
"Government Administration","Historical",2003,25085,"N"
"Government Administration","Historical",2004,26998,"N"
"Government Administration","Historical",2005,28144,"N"
"Government Administration","Historical",2006,28666,"N"
"Government Administration","Historical",2007,29072,"N"
"Government Administration","Historical",2008,29158,"N"
"Government Administration","Historical",2009,29543,"N"
"Government Administration","Historical",2010,30014,"N"
"Government Administration","Historical",2011,32459,"N"
"Government Administration","Historical",2012,33760,"N"
"Government Administration","Historical",2013,36863,"N"
"Government Administration","Historical",2014,40982,"N"
"Government Administration","Historical",2015,42141,"N"
"Government Administration","Historical",2016,43834,"N"
"Government Administration","Projected",2017,45091,"N"
"Government Administration","Projected",2018,48067,"N"
"Government Administration","Projected",2019,52958,"N"
"Government Administration","Projected",2020,54480,"N"
"Government Administration","Projected",2021,58124,"N"
"Government Administration","Projected",2022,61947,"N"
"Government Administration","Projected",2023,66036,"N"
"Government Administration","Projected",2024,70443,"N"
"Government Administration","Projected",2025,75339,"N"
"Government Administration","Projected",2026,81234,"N"
"Net Cost of Health Insurance","Historical",1960,1018,"N"
"Net Cost of Health Insurance","Historical",1961,1101,"N"
"Net Cost of Health Insurance","Historical",1962,1214,"N"
"Net Cost of Health Insurance","Historical",1963,1251,"N"
"Net Cost of Health Insurance","Historical",1964,1376,"N"
"Net Cost of Health Insurance","Historical",1965,1608,"N"
"Net Cost of Health Insurance","Historical",1966,1734,"N"
"Net Cost of Health Insurance","Historical",1967,1720,"N"
"Net Cost of Health Insurance","Historical",1968,2033,"N"
"Net Cost of Health Insurance","Historical",1969,1786,"N"
"Net Cost of Health Insurance","Historical",1970,1892,"N"
"Net Cost of Health Insurance","Historical",1971,2432,"N"
"Net Cost of Health Insurance","Historical",1972,3403,"N"
"Net Cost of Health Insurance","Historical",1973,3730,"N"
"Net Cost of Health Insurance","Historical",1974,3208,"N"
"Net Cost of Health Insurance","Historical",1975,3428,"N"
"Net Cost of Health Insurance","Historical",1976,4906,"N"
"Net Cost of Health Insurance","Historical",1977,7515,"N"
"Net Cost of Health Insurance","Historical",1978,8896,"N"
"Net Cost of Health Insurance","Historical",1979,9558,"N"
"Net Cost of Health Insurance","Historical",1980,9282,"N"
"Net Cost of Health Insurance","Historical",1981,10944,"N"
"Net Cost of Health Insurance","Historical",1982,13106,"N"
"Net Cost of Health Insurance","Historical",1983,14934,"N"
"Net Cost of Health Insurance","Historical",1984,19615,"N"
"Net Cost of Health Insurance","Historical",1985,20713,"N"
"Net Cost of Health Insurance","Historical",1986,17717,"N"
"Net Cost of Health Insurance","Historical",1987,15908,"N"
"Net Cost of Health Insurance","Historical",1988,20900,"N"
"Net Cost of Health Insurance","Historical",1989,27534,"N"
"Net Cost of Health Insurance","Historical",1990,31558,"N"
"Net Cost of Health Insurance","Historical",1991,31690,"N"
"Net Cost of Health Insurance","Historical",1992,34261,"N"
"Net Cost of Health Insurance","Historical",1993,43001,"N"
"Net Cost of Health Insurance","Historical",1994,44929,"N"
"Net Cost of Health Insurance","Historical",1995,45882,"N"
"Net Cost of Health Insurance","Historical",1996,48805,"N"
"Net Cost of Health Insurance","Historical",1997,48454,"N"
"Net Cost of Health Insurance","Historical",1998,49933,"N"
"Net Cost of Health Insurance","Historical",1999,55972,"N"
"Net Cost of Health Insurance","Historical",2000,64185,"N"
"Net Cost of Health Insurance","Historical",2001,71026,"N"
"Net Cost of Health Insurance","Historical",2002,90014,"N"
"Net Cost of Health Insurance","Historical",2003,107342,"N"
"Net Cost of Health Insurance","Historical",2004,114933,"N"
"Net Cost of Health Insurance","Historical",2005,122896,"N"
"Net Cost of Health Insurance","Historical",2006,137158,"N"
"Net Cost of Health Insurance","Historical",2007,143436,"N"
"Net Cost of Health Insurance","Historical",2008,139733,"N"
"Net Cost of Health Insurance","Historical",2009,138169,"N"
"Net Cost of Health Insurance","Historical",2010,154435,"N"
"Net Cost of Health Insurance","Historical",2011,159152,"N"
"Net Cost of Health Insurance","Historical",2012,165882,"N"
"Net Cost of Health Insurance","Historical",2013,173987,"N"
"Net Cost of Health Insurance","Historical",2014,195814,"N"
"Net Cost of Health Insurance","Historical",2015,207725,"N"
"Net Cost of Health Insurance","Historical",2016,219817,"N"
"Net Cost of Health Insurance","Projected",2017,237716,"N"
"Net Cost of Health Insurance","Projected",2018,256338,"N"
"Net Cost of Health Insurance","Projected",2019,261214,"N"
"Net Cost of Health Insurance","Projected",2020,288874,"N"
"Net Cost of Health Insurance","Projected",2021,305733,"N"
"Net Cost of Health Insurance","Projected",2022,323385,"N"
"Net Cost of Health Insurance","Projected",2023,342952,"N"
"Net Cost of Health Insurance","Projected",2024,363830,"N"
"Net Cost of Health Insurance","Projected",2025,385022,"N"
"Net Cost of Health Insurance","Projected",2026,408596,"N"
"Public Health Activity","Historical",1960,371,"N"
"Public Health Activity","Historical",1961,409,"N"
"Public Health Activity","Historical",1962,456,"N"
"Public Health Activity","Historical",1963,509,"N"
"Public Health Activity","Historical",1964,572,"N"
"Public Health Activity","Historical",1965,621,"N"
"Public Health Activity","Historical",1966,733,"N"
"Public Health Activity","Historical",1967,861,"N"
"Public Health Activity","Historical",1968,969,"N"
"Public Health Activity","Historical",1969,1174,"N"
"Public Health Activity","Historical",1970,1356,"N"
"Public Health Activity","Historical",1971,1676,"N"
"Public Health Activity","Historical",1972,1855,"N"
"Public Health Activity","Historical",1973,2123,"N"
"Public Health Activity","Historical",1974,2584,"N"
"Public Health Activity","Historical",1975,2967,"N"
"Public Health Activity","Historical",1976,3213,"N"
"Public Health Activity","Historical",1977,3815,"N"
"Public Health Activity","Historical",1978,4588,"N"
"Public Health Activity","Historical",1979,5375,"N"
"Public Health Activity","Historical",1980,6445,"N"
"Public Health Activity","Historical",1981,7531,"N"
"Public Health Activity","Historical",1982,8621,"N"
"Public Health Activity","Historical",1983,9251,"N"
"Public Health Activity","Historical",1984,9842,"N"
"Public Health Activity","Historical",1985,11212,"N"
"Public Health Activity","Historical",1986,12387,"N"
"Public Health Activity","Historical",1987,13572,"N"
"Public Health Activity","Historical",1988,15267,"N"
"Public Health Activity","Historical",1989,17773,"N"
"Public Health Activity","Historical",1990,19997,"N"
"Public Health Activity","Historical",1991,22129,"N"
"Public Health Activity","Historical",1992,24374,"N"
"Public Health Activity","Historical",1993,26779,"N"
"Public Health Activity","Historical",1994,29594,"N"
"Public Health Activity","Historical",1995,31003,"N"
"Public Health Activity","Historical",1996,32377,"N"
"Public Health Activity","Historical",1997,34832,"N"
"Public Health Activity","Historical",1998,37457,"N"
"Public Health Activity","Historical",1999,40731,"N"
"Public Health Activity","Historical",2000,43050,"N"
"Public Health Activity","Historical",2001,46792,"N"
"Public Health Activity","Historical",2002,52201,"N"
"Public Health Activity","Historical",2003,54228,"N"
"Public Health Activity","Historical",2004,54934,"N"
"Public Health Activity","Historical",2005,57252,"N"
"Public Health Activity","Historical",2006,60892,"N"
"Public Health Activity","Historical",2007,65969,"N"
"Public Health Activity","Historical",2008,71564,"N"
"Public Health Activity","Historical",2009,74167,"N"
"Public Health Activity","Historical",2010,75612,"N"
"Public Health Activity","Historical",2011,74294,"N"
"Public Health Activity","Historical",2012,77443,"N"
"Public Health Activity","Historical",2013,78301,"N"
"Public Health Activity","Historical",2014,79439,"N"
"Public Health Activity","Historical",2015,81709,"N"
"Public Health Activity","Historical",2016,82187,"N"
"Public Health Activity","Projected",2017,84519,"N"
"Public Health Activity","Projected",2018,87145,"N"
"Public Health Activity","Projected",2019,89583,"N"
"Public Health Activity","Projected",2020,92054,"N"
"Public Health Activity","Projected",2021,94658,"N"
"Public Health Activity","Projected",2022,97541,"N"
"Public Health Activity","Projected",2023,100514,"N"
"Public Health Activity","Projected",2024,103539,"N"
"Public Health Activity","Projected",2025,106829,"N"
"Public Health Activity","Projected",2026,110949,"N"
"Research","Historical",1960,694,"N"
"Research","Historical",1961,886,"N"
"Research","Historical",1962,1068,"N"
"Research","Historical",1963,1219,"N"
"Research","Historical",1964,1366,"N"
"Research","Historical",1965,1521,"N"
"Research","Historical",1966,1624,"N"
"Research","Historical",1967,1775,"N"
"Research","Historical",1968,1877,"N"
"Research","Historical",1969,1924,"N"
"Research","Historical",1970,1953,"N"
"Research","Historical",1971,2109,"N"
"Research","Historical",1972,2357,"N"
"Research","Historical",1973,2502,"N"
"Research","Historical",1974,2767,"N"
"Research","Historical",1975,3372,"N"
"Research","Historical",1976,3707,"N"
"Research","Historical",1977,3864,"N"
"Research","Historical",1978,4438,"N"
"Research","Historical",1979,4805,"N"
"Research","Historical",1980,5429,"N"
"Research","Historical",1981,5705,"N"
"Research","Historical",1982,6025,"N"
"Research","Historical",1983,6543,"N"
"Research","Historical",1984,7608,"N"
"Research","Historical",1985,8320,"N"
"Research","Historical",1986,9002,"N"
"Research","Historical",1987,10025,"N"
"Research","Historical",1988,10836,"N"
"Research","Historical",1989,11738,"N"
"Research","Historical",1990,12678,"N"
"Research","Historical",1991,13819,"N"
"Research","Historical",1992,15091,"N"
"Research","Historical",1993,16472,"N"
"Research","Historical",1994,17758,"N"
"Research","Historical",1995,18670,"N"
"Research","Historical",1996,17808,"N"
"Research","Historical",1997,19640,"N"
"Research","Historical",1998,21512,"N"
"Research","Historical",1999,23365,"N"
"Research","Historical",2000,25475,"N"
"Research","Historical",2001,28504,"N"
"Research","Historical",2002,32016,"N"
"Research","Historical",2003,34844,"N"
"Research","Historical",2004,38578,"N"
"Research","Historical",2005,40319,"N"
"Research","Historical",2006,41163,"N"
"Research","Historical",2007,42576,"N"
"Research","Historical",2008,44278,"N"
"Research","Historical",2009,45372,"N"
"Research","Historical",2010,49212,"N"
"Research","Historical",2011,49658,"N"
"Research","Historical",2012,48448,"N"
"Research","Historical",2013,46639,"N"
"Research","Historical",2014,45888,"N"
"Research","Historical",2015,46451,"N"
"Research","Historical",2016,47670,"N"
"Research","Projected",2017,50573,"N"
"Research","Projected",2018,52859,"N"
"Research","Projected",2019,55354,"N"
"Research","Projected",2020,58089,"N"
"Research","Projected",2021,60990,"N"
"Research","Projected",2022,64012,"N"
"Research","Projected",2023,67165,"N"
"Research","Projected",2024,70397,"N"
"Research","Projected",2025,74161,"N"
"Research","Projected",2026,78430,"N"
"Structures","Historical",1960,1479,"N"
"Structures","Historical",1961,1544,"N"
"Structures","Historical",1962,1918,"N"
"Structures","Historical",1963,1923,"N"
"Structures","Historical",1964,2340,"N"
"Structures","Historical",1965,2552,"N"
"Structures","Historical",1966,2559,"N"
"Structures","Historical",1967,2521,"N"
"Structures","Historical",1968,2986,"N"
"Structures","Historical",1969,3945,"N"
"Structures","Historical",1970,4524,"N"
"Structures","Historical",1971,5192,"N"
"Structures","Historical",1972,5686,"N"
"Structures","Historical",1973,5649,"N"
"Structures","Historical",1974,5978,"N"
"Structures","Historical",1975,6515,"N"
"Structures","Historical",1976,7071,"N"
"Structures","Historical",1977,6867,"N"
"Structures","Historical",1978,6970,"N"
"Structures","Historical",1979,7432,"N"
"Structures","Historical",1980,8585,"N"
"Structures","Historical",1981,9996,"N"
"Structures","Historical",1982,11567,"N"
"Structures","Historical",1983,12483,"N"
"Structures","Historical",1984,12199,"N"
"Structures","Historical",1985,11226,"N"
"Structures","Historical",1986,11106,"N"
"Structures","Historical",1987,12508,"N"
"Structures","Historical",1988,14438,"N"
"Structures","Historical",1989,14978,"N"
"Structures","Historical",1990,17047,"N"
"Structures","Historical",1991,16802,"N"
"Structures","Historical",1992,18342,"N"
"Structures","Historical",1993,19929,"N"
"Structures","Historical",1994,20837,"N"
"Structures","Historical",1995,20922,"N"
"Structures","Historical",1996,21635,"N"
"Structures","Historical",1997,23153,"N"
"Structures","Historical",1998,23746,"N"
"Structures","Historical",1999,25405,"N"
"Structures","Historical",2000,25374,"N"
"Structures","Historical",2001,26118,"N"
"Structures","Historical",2002,29258,"N"
"Structures","Historical",2003,30947,"N"
"Structures","Historical",2004,33063,"N"
"Structures","Historical",2005,36136,"N"
"Structures","Historical",2006,40735,"N"
"Structures","Historical",2007,46542,"N"
"Structures","Historical",2008,51675,"N"
"Structures","Historical",2009,46879,"N"
"Structures","Historical",2010,46104,"N"
"Structures","Historical",2011,47349,"N"
"Structures","Historical",2012,49533,"N"
"Structures","Historical",2013,50072,"N"
"Structures","Historical",2014,50334,"N"
"Structures","Historical",2015,49969,"N"
"Structures","Historical",2016,50475,"N"
"Structures","Projected",2017,51700,"N"
"Structures","Projected",2018,53881,"N"
"Structures","Projected",2019,56726,"N"
"Structures","Projected",2020,59831,"N"
"Structures","Projected",2021,63164,"N"
"Structures","Projected",2022,66624,"N"
"Structures","Projected",2023,70241,"N"
"Structures","Projected",2024,74020,"N"
"Structures","Projected",2025,78043,"N"
"Structures","Projected",2026,82324,"N"
"Equipment","Historical",1960,334,"N"
"Equipment","Historical",1961,377,"N"
"Equipment","Historical",1962,442,"N"
"Equipment","Historical",1963,535,"N"
"Equipment","Historical",1964,558,"N"
"Equipment","Historical",1965,592,"N"
"Equipment","Historical",1966,671,"N"
"Equipment","Historical",1967,767,"N"
"Equipment","Historical",1968,850,"N"
"Equipment","Historical",1969,957,"N"
"Equipment","Historical",1970,1039,"N"
"Equipment","Historical",1971,1087,"N"
"Equipment","Historical",1972,1264,"N"
"Equipment","Historical",1973,1566,"N"
"Equipment","Historical",1974,1917,"N"
"Equipment","Historical",1975,2290,"N"
"Equipment","Historical",1976,2671,"N"
"Equipment","Historical",1977,3173,"N"
"Equipment","Historical",1978,3877,"N"
"Equipment","Historical",1979,4724,"N"
"Equipment","Historical",1980,5843,"N"
"Equipment","Historical",1981,7037,"N"
"Equipment","Historical",1982,8415,"N"
"Equipment","Historical",1983,9329,"N"
"Equipment","Historical",1984,10070,"N"
"Equipment","Historical",1985,10518,"N"
"Equipment","Historical",1986,10866,"N"
"Equipment","Historical",1987,11701,"N"
"Equipment","Historical",1988,13491,"N"
"Equipment","Historical",1989,15800,"N"
"Equipment","Historical",1990,17598,"N"
"Equipment","Historical",1991,19762,"N"
"Equipment","Historical",1992,21889,"N"
"Equipment","Historical",1993,22455,"N"
"Equipment","Historical",1994,22956,"N"
"Equipment","Historical",1995,23873,"N"
"Equipment","Historical",1996,25377,"N"
"Equipment","Historical",1997,27640,"N"
"Equipment","Historical",1998,29876,"N"
"Equipment","Historical",1999,31994,"N"
"Equipment","Historical",2000,32466,"N"
"Equipment","Historical",2001,32754,"N"
"Equipment","Historical",2002,35495,"N"
"Equipment","Historical",2003,37928,"N"
"Equipment","Historical",2004,39735,"N"
"Equipment","Historical",2005,43270,"N"
"Equipment","Historical",2006,43259,"N"
"Equipment","Historical",2007,49276,"N"
"Equipment","Historical",2008,52053,"N"
"Equipment","Historical",2009,46713,"N"
"Equipment","Historical",2010,47423,"N"
"Equipment","Historical",2011,52464,"N"
"Equipment","Historical",2012,55249,"N"
"Equipment","Historical",2013,56433,"N"
"Equipment","Historical",2014,53489,"N"
"Equipment","Historical",2015,57278,"N"
"Equipment","Historical",2016,59273,"N"
"Equipment","Projected",2017,61582,"N"
"Equipment","Projected",2018,64347,"N"
"Equipment","Projected",2019,67687,"N"
"Equipment","Projected",2020,71324,"N"
"Equipment","Projected",2021,75250,"N"
"Equipment","Projected",2022,79449,"N"
"Equipment","Projected",2023,83842,"N"
"Equipment","Projected",2024,88434,"N"
"Equipment","Projected",2025,93289,"N"
"Equipment","Projected",2026,98406,"N"
