"category","region","state","year","amount"
"Population_(Thousands)","Southeast","Alabama",1991,4099
"Population_(Thousands)","Far West","Alaska",1991,570
"Population_(Thousands)","Southwest","Arizona",1991,3789
"Population_(Thousands)","Southeast","Arkansas",1991,2383
"Population_(Thousands)","Far West","California",1991,30471
"Population_(Thousands)","Rocky Mountains","Colorado",1991,3387
"Population_(Thousands)","New England","Connecticut",1991,3303
"Population_(Thousands)","Mideast","Delaware",1991,683
"Population_(Thousands)","Mideast","District of Columbia",1991,601
"Population_(Thousands)","Southeast","Florida",1991,13370
"Population_(Thousands)","Southeast","Georgia",1991,6653
"Population_(Thousands)","Far West","Hawaii",1991,1137
"Population_(Thousands)","Rocky Mountains","Idaho",1991,1041
"Population_(Thousands)","Great Lakes","Illinois",1991,11569
"Population_(Thousands)","Great Lakes","Indiana",1991,5616
"Population_(Thousands)","Plains","Iowa",1991,2798
"Population_(Thousands)","Plains","Kansas",1991,2499
"Population_(Thousands)","Southeast","Kentucky",1991,3722
"Population_(Thousands)","Southeast","Louisiana",1991,4253
"Population_(Thousands)","New England","Maine",1991,1237
"Population_(Thousands)","Mideast","Maryland",1991,4868
"Population_(Thousands)","New England","Massachusetts",1991,6018
"Population_(Thousands)","Great Lakes","Michigan",1991,9400
"Population_(Thousands)","Plains","Minnesota",1991,4441
"Population_(Thousands)","Southeast","Mississippi",1991,2599
"Population_(Thousands)","Plains","Missouri",1991,5171
"Population_(Thousands)","Rocky Mountains","Montana",1991,810
"Population_(Thousands)","Plains","Nebraska",1991,1596
"Population_(Thousands)","Far West","Nevada",1991,1296
"Population_(Thousands)","New England","New Hampshire",1991,1110
"Population_(Thousands)","Mideast","New Jersey",1991,7815
"Population_(Thousands)","Southwest","New Mexico",1991,1555
"Population_(Thousands)","Mideast","New York",1991,18123
"Population_(Thousands)","Southeast","North Carolina",1991,6784
"Population_(Thousands)","Plains","North Dakota",1991,636
"Population_(Thousands)","Great Lakes","Ohio",1991,10946
"Population_(Thousands)","Southwest","Oklahoma",1991,3175
"Population_(Thousands)","Far West","Oregon",1991,2929
"Population_(Thousands)","Mideast","Pennsylvania",1991,11982
"Population_(Thousands)","New England","Rhode Island",1991,1011
"Population_(Thousands)","Southeast","South Carolina",1991,3570
"Population_(Thousands)","Plains","South Dakota",1991,704
"Population_(Thousands)","Southeast","Tennessee",1991,4967
"Population_(Thousands)","Southwest","Texas",1991,17398
"Population_(Thousands)","Rocky Mountains","Utah",1991,1780
"Population_(Thousands)","New England","Vermont",1991,569
"Population_(Thousands)","Southeast","Virginia",1991,6301
"Population_(Thousands)","Far West","Washington",1991,5026
"Population_(Thousands)","Southeast","West Virginia",1991,1799
"Population_(Thousands)","Great Lakes","Wisconsin",1991,4964
"Population_(Thousands)","Rocky Mountains","Wyoming",1991,459
"Population_(Thousands)","Southeast","Alabama",1992,4154
"Population_(Thousands)","Far West","Alaska",1992,589
"Population_(Thousands)","Southwest","Arizona",1992,3916
"Population_(Thousands)","Southeast","Arkansas",1992,2416
"Population_(Thousands)","Far West","California",1992,30975
"Population_(Thousands)","Rocky Mountains","Colorado",1992,3496
"Population_(Thousands)","New England","Connecticut",1992,3301
"Population_(Thousands)","Mideast","Delaware",1992,695
"Population_(Thousands)","Mideast","District of Columbia",1992,598
"Population_(Thousands)","Southeast","Florida",1992,13651
"Population_(Thousands)","Southeast","Georgia",1992,6817
"Population_(Thousands)","Far West","Hawaii",1992,1159
"Population_(Thousands)","Rocky Mountains","Idaho",1992,1072
"Population_(Thousands)","Great Lakes","Illinois",1992,11694
"Population_(Thousands)","Great Lakes","Indiana",1992,5675
"Population_(Thousands)","Plains","Iowa",1992,2818
"Population_(Thousands)","Plains","Kansas",1992,2532
"Population_(Thousands)","Southeast","Kentucky",1992,3765
"Population_(Thousands)","Southeast","Louisiana",1992,4293
"Population_(Thousands)","New England","Maine",1992,1239
"Population_(Thousands)","Mideast","Maryland",1992,4923
"Population_(Thousands)","New England","Massachusetts",1992,6029
"Population_(Thousands)","Great Lakes","Michigan",1992,9479
"Population_(Thousands)","Plains","Minnesota",1992,4496
"Population_(Thousands)","Southeast","Mississippi",1992,2624
"Population_(Thousands)","Plains","Missouri",1992,5217
"Population_(Thousands)","Rocky Mountains","Montana",1992,826
"Population_(Thousands)","Plains","Nebraska",1992,1612
"Population_(Thousands)","Far West","Nevada",1992,1351
"Population_(Thousands)","New England","New Hampshire",1992,1118
"Population_(Thousands)","Mideast","New Jersey",1992,7881
"Population_(Thousands)","Southwest","New Mexico",1992,1595
"Population_(Thousands)","Mideast","New York",1992,18247
"Population_(Thousands)","Southeast","North Carolina",1992,6897
"Population_(Thousands)","Plains","North Dakota",1992,638
"Population_(Thousands)","Great Lakes","Ohio",1992,11029
"Population_(Thousands)","Southwest","Oklahoma",1992,3221
"Population_(Thousands)","Far West","Oregon",1992,2992
"Population_(Thousands)","Mideast","Pennsylvania",1992,12049
"Population_(Thousands)","New England","Rhode Island",1992,1013
"Population_(Thousands)","Southeast","South Carolina",1992,3620
"Population_(Thousands)","Plains","South Dakota",1992,713
"Population_(Thousands)","Southeast","Tennessee",1992,5050
"Population_(Thousands)","Southwest","Texas",1992,17760
"Population_(Thousands)","Rocky Mountains","Utah",1992,1837
"Population_(Thousands)","New England","Vermont",1992,573
"Population_(Thousands)","Southeast","Virginia",1992,6414
"Population_(Thousands)","Far West","Washington",1992,5161
"Population_(Thousands)","Southeast","West Virginia",1992,1806
"Population_(Thousands)","Great Lakes","Wisconsin",1992,5025
"Population_(Thousands)","Rocky Mountains","Wyoming",1992,466
"Population_(Thousands)","Southeast","Alabama",1993,4214
"Population_(Thousands)","Far West","Alaska",1993,599
"Population_(Thousands)","Southwest","Arizona",1993,4065
"Population_(Thousands)","Southeast","Arkansas",1993,2456
"Population_(Thousands)","Far West","California",1993,31275
"Population_(Thousands)","Rocky Mountains","Colorado",1993,3614
"Population_(Thousands)","New England","Connecticut",1993,3309
"Population_(Thousands)","Mideast","Delaware",1993,706
"Population_(Thousands)","Mideast","District of Columbia",1993,595
"Population_(Thousands)","Southeast","Florida",1993,13927
"Population_(Thousands)","Southeast","Georgia",1993,6978
"Population_(Thousands)","Far West","Hawaii",1993,1173
"Population_(Thousands)","Rocky Mountains","Idaho",1993,1109
"Population_(Thousands)","Great Lakes","Illinois",1993,11810
"Population_(Thousands)","Great Lakes","Indiana",1993,5739
"Population_(Thousands)","Plains","Iowa",1993,2837
"Population_(Thousands)","Plains","Kansas",1993,2557
"Population_(Thousands)","Southeast","Kentucky",1993,3812
"Population_(Thousands)","Southeast","Louisiana",1993,4316
"Population_(Thousands)","New England","Maine",1993,1242
"Population_(Thousands)","Mideast","Maryland",1993,4972
"Population_(Thousands)","New England","Massachusetts",1993,6061
"Population_(Thousands)","Great Lakes","Michigan",1993,9540
"Population_(Thousands)","Plains","Minnesota",1993,4556
"Population_(Thousands)","Southeast","Mississippi",1993,2655
"Population_(Thousands)","Plains","Missouri",1993,5271
"Population_(Thousands)","Rocky Mountains","Montana",1993,845
"Population_(Thousands)","Plains","Nebraska",1993,1626
"Population_(Thousands)","Far West","Nevada",1993,1411
"Population_(Thousands)","New England","New Hampshire",1993,1129
"Population_(Thousands)","Mideast","New Jersey",1993,7949
"Population_(Thousands)","Southwest","New Mexico",1993,1636
"Population_(Thousands)","Mideast","New York",1993,18375
"Population_(Thousands)","Southeast","North Carolina",1993,7043
"Population_(Thousands)","Plains","North Dakota",1993,641
"Population_(Thousands)","Great Lakes","Ohio",1993,11101
"Population_(Thousands)","Southwest","Oklahoma",1993,3252
"Population_(Thousands)","Far West","Oregon",1993,3060
"Population_(Thousands)","Mideast","Pennsylvania",1993,12120
"Population_(Thousands)","New England","Rhode Island",1993,1015
"Population_(Thousands)","Southeast","South Carolina",1993,3663
"Population_(Thousands)","Plains","South Dakota",1993,722
"Population_(Thousands)","Southeast","Tennessee",1993,5138
"Population_(Thousands)","Southwest","Texas",1993,18162
"Population_(Thousands)","Rocky Mountains","Utah",1993,1898
"Population_(Thousands)","New England","Vermont",1993,578
"Population_(Thousands)","Southeast","Virginia",1993,6510
"Population_(Thousands)","Far West","Washington",1993,5279
"Population_(Thousands)","Southeast","West Virginia",1993,1818
"Population_(Thousands)","Great Lakes","Wisconsin",1993,5085
"Population_(Thousands)","Rocky Mountains","Wyoming",1993,473
"Population_(Thousands)","Southeast","Alabama",1994,4260
"Population_(Thousands)","Far West","Alaska",1994,603
"Population_(Thousands)","Southwest","Arizona",1994,4245
"Population_(Thousands)","Southeast","Arkansas",1994,2494
"Population_(Thousands)","Far West","California",1994,31484
"Population_(Thousands)","Rocky Mountains","Colorado",1994,3724
"Population_(Thousands)","New England","Connecticut",1994,3316
"Population_(Thousands)","Mideast","Delaware",1994,718
"Population_(Thousands)","Mideast","District of Columbia",1994,589
"Population_(Thousands)","Southeast","Florida",1994,14239
"Population_(Thousands)","Southeast","Georgia",1994,7157
"Population_(Thousands)","Far West","Hawaii",1994,1188
"Population_(Thousands)","Rocky Mountains","Idaho",1994,1145
"Population_(Thousands)","Great Lakes","Illinois",1994,11913
"Population_(Thousands)","Great Lakes","Indiana",1994,5794
"Population_(Thousands)","Plains","Iowa",1994,2851
"Population_(Thousands)","Plains","Kansas",1994,2581
"Population_(Thousands)","Southeast","Kentucky",1994,3849
"Population_(Thousands)","Southeast","Louisiana",1994,4347
"Population_(Thousands)","New England","Maine",1994,1243
"Population_(Thousands)","Mideast","Maryland",1994,5023
"Population_(Thousands)","New England","Massachusetts",1994,6095
"Population_(Thousands)","Great Lakes","Michigan",1994,9598
"Population_(Thousands)","Plains","Minnesota",1994,4610
"Population_(Thousands)","Southeast","Mississippi",1994,2689
"Population_(Thousands)","Plains","Missouri",1994,5324
"Population_(Thousands)","Rocky Mountains","Montana",1994,861
"Population_(Thousands)","Plains","Nebraska",1994,1639
"Population_(Thousands)","Far West","Nevada",1994,1499
"Population_(Thousands)","New England","New Hampshire",1994,1143
"Population_(Thousands)","Mideast","New Jersey",1994,8014
"Population_(Thousands)","Southwest","New Mexico",1994,1682
"Population_(Thousands)","Mideast","New York",1994,18459
"Population_(Thousands)","Southeast","North Carolina",1994,7187
"Population_(Thousands)","Plains","North Dakota",1994,645
"Population_(Thousands)","Great Lakes","Ohio",1994,11152
"Population_(Thousands)","Southwest","Oklahoma",1994,3281
"Population_(Thousands)","Far West","Oregon",1994,3121
"Population_(Thousands)","Mideast","Pennsylvania",1994,12166
"Population_(Thousands)","New England","Rhode Island",1994,1016
"Population_(Thousands)","Southeast","South Carolina",1994,3705
"Population_(Thousands)","Plains","South Dakota",1994,731
"Population_(Thousands)","Southeast","Tennessee",1994,5231
"Population_(Thousands)","Southwest","Texas",1994,18564
"Population_(Thousands)","Rocky Mountains","Utah",1994,1960
"Population_(Thousands)","New England","Vermont",1994,584
"Population_(Thousands)","Southeast","Virginia",1994,6593
"Population_(Thousands)","Far West","Washington",1994,5375
"Population_(Thousands)","Southeast","West Virginia",1994,1820
"Population_(Thousands)","Great Lakes","Wisconsin",1994,5134
"Population_(Thousands)","Rocky Mountains","Wyoming",1994,480
"Population_(Thousands)","Southeast","Alabama",1995,4297
"Population_(Thousands)","Far West","Alaska",1995,604
"Population_(Thousands)","Southwest","Arizona",1995,4432
"Population_(Thousands)","Southeast","Arkansas",1995,2535
"Population_(Thousands)","Far West","California",1995,31697
"Population_(Thousands)","Rocky Mountains","Colorado",1995,3827
"Population_(Thousands)","New England","Connecticut",1995,3324
"Population_(Thousands)","Mideast","Delaware",1995,730
"Population_(Thousands)","Mideast","District of Columbia",1995,581
"Population_(Thousands)","Southeast","Florida",1995,14538
"Population_(Thousands)","Southeast","Georgia",1995,7328
"Population_(Thousands)","Far West","Hawaii",1995,1197
"Population_(Thousands)","Rocky Mountains","Idaho",1995,1177
"Population_(Thousands)","Great Lakes","Illinois",1995,12008
"Population_(Thousands)","Great Lakes","Indiana",1995,5851
"Population_(Thousands)","Plains","Iowa",1995,2867
"Population_(Thousands)","Plains","Kansas",1995,2601
"Population_(Thousands)","Southeast","Kentucky",1995,3887
"Population_(Thousands)","Southeast","Louisiana",1995,4379
"Population_(Thousands)","New England","Maine",1995,1243
"Population_(Thousands)","Mideast","Maryland",1995,5070
"Population_(Thousands)","New England","Massachusetts",1995,6141
"Population_(Thousands)","Great Lakes","Michigan",1995,9676
"Population_(Thousands)","Plains","Minnesota",1995,4660
"Population_(Thousands)","Southeast","Mississippi",1995,2723
"Population_(Thousands)","Plains","Missouri",1995,5378
"Population_(Thousands)","Rocky Mountains","Montana",1995,877
"Population_(Thousands)","Plains","Nebraska",1995,1657
"Population_(Thousands)","Far West","Nevada",1995,1582
"Population_(Thousands)","New England","New Hampshire",1995,1158
"Population_(Thousands)","Mideast","New Jersey",1995,8083
"Population_(Thousands)","Southwest","New Mexico",1995,1720
"Population_(Thousands)","Mideast","New York",1995,18524
"Population_(Thousands)","Southeast","North Carolina",1995,7345
"Population_(Thousands)","Plains","North Dakota",1995,648
"Population_(Thousands)","Great Lakes","Ohio",1995,11203
"Population_(Thousands)","Southwest","Oklahoma",1995,3308
"Population_(Thousands)","Far West","Oregon",1995,3184
"Population_(Thousands)","Mideast","Pennsylvania",1995,12198
"Population_(Thousands)","New England","Rhode Island",1995,1017
"Population_(Thousands)","Southeast","South Carolina",1995,3749
"Population_(Thousands)","Plains","South Dakota",1995,738
"Population_(Thousands)","Southeast","Tennessee",1995,5327
"Population_(Thousands)","Southwest","Texas",1995,18959
"Population_(Thousands)","Rocky Mountains","Utah",1995,2014
"Population_(Thousands)","New England","Vermont",1995,589
"Population_(Thousands)","Southeast","Virginia",1995,6671
"Population_(Thousands)","Far West","Washington",1995,5481
"Population_(Thousands)","Southeast","West Virginia",1995,1824
"Population_(Thousands)","Great Lakes","Wisconsin",1995,5185
"Population_(Thousands)","Rocky Mountains","Wyoming",1995,485
"Population_(Thousands)","Southeast","Alabama",1996,4331
"Population_(Thousands)","Far West","Alaska",1996,609
"Population_(Thousands)","Southwest","Arizona",1996,4587
"Population_(Thousands)","Southeast","Arkansas",1996,2572
"Population_(Thousands)","Far West","California",1996,32019
"Population_(Thousands)","Rocky Mountains","Colorado",1996,3920
"Population_(Thousands)","New England","Connecticut",1996,3337
"Population_(Thousands)","Mideast","Delaware",1996,741
"Population_(Thousands)","Mideast","District of Columbia",1996,572
"Population_(Thousands)","Southeast","Florida",1996,14853
"Population_(Thousands)","Southeast","Georgia",1996,7501
"Population_(Thousands)","Far West","Hawaii",1996,1204
"Population_(Thousands)","Rocky Mountains","Idaho",1996,1203
"Population_(Thousands)","Great Lakes","Illinois",1996,12102
"Population_(Thousands)","Great Lakes","Indiana",1996,5906
"Population_(Thousands)","Plains","Iowa",1996,2880
"Population_(Thousands)","Plains","Kansas",1996,2615
"Population_(Thousands)","Southeast","Kentucky",1996,3920
"Population_(Thousands)","Southeast","Louisiana",1996,4399
"Population_(Thousands)","New England","Maine",1996,1249
"Population_(Thousands)","Mideast","Maryland",1996,5112
"Population_(Thousands)","New England","Massachusetts",1996,6180
"Population_(Thousands)","Great Lakes","Michigan",1996,9759
"Population_(Thousands)","Plains","Minnesota",1996,4713
"Population_(Thousands)","Southeast","Mississippi",1996,2748
"Population_(Thousands)","Plains","Missouri",1996,5432
"Population_(Thousands)","Rocky Mountains","Montana",1996,886
"Population_(Thousands)","Plains","Nebraska",1996,1674
"Population_(Thousands)","Far West","Nevada",1996,1666
"Population_(Thousands)","New England","New Hampshire",1996,1175
"Population_(Thousands)","Mideast","New Jersey",1996,8150
"Population_(Thousands)","Southwest","New Mexico",1996,1752
"Population_(Thousands)","Mideast","New York",1996,18588
"Population_(Thousands)","Southeast","North Carolina",1996,7501
"Population_(Thousands)","Plains","North Dakota",1996,650
"Population_(Thousands)","Great Lakes","Ohio",1996,11243
"Population_(Thousands)","Southwest","Oklahoma",1996,3340
"Population_(Thousands)","Far West","Oregon",1996,3247
"Population_(Thousands)","Mideast","Pennsylvania",1996,12220
"Population_(Thousands)","New England","Rhode Island",1996,1021
"Population_(Thousands)","Southeast","South Carolina",1996,3796
"Population_(Thousands)","Plains","South Dakota",1996,742
"Population_(Thousands)","Southeast","Tennessee",1996,5417
"Population_(Thousands)","Southwest","Texas",1996,19340
"Population_(Thousands)","Rocky Mountains","Utah",1996,2068
"Population_(Thousands)","New England","Vermont",1996,594
"Population_(Thousands)","Southeast","Virginia",1996,6751
"Population_(Thousands)","Far West","Washington",1996,5570
"Population_(Thousands)","Southeast","West Virginia",1996,1823
"Population_(Thousands)","Great Lakes","Wisconsin",1996,5230
"Population_(Thousands)","Rocky Mountains","Wyoming",1996,488
"Population_(Thousands)","Southeast","Alabama",1997,4368
"Population_(Thousands)","Far West","Alaska",1997,613
"Population_(Thousands)","Southwest","Arizona",1997,4737
"Population_(Thousands)","Southeast","Arkansas",1997,2601
"Population_(Thousands)","Far West","California",1997,32486
"Population_(Thousands)","Rocky Mountains","Colorado",1997,4018
"Population_(Thousands)","New England","Connecticut",1997,3349
"Population_(Thousands)","Mideast","Delaware",1997,751
"Population_(Thousands)","Mideast","District of Columbia",1997,568
"Population_(Thousands)","Southeast","Florida",1997,15186
"Population_(Thousands)","Southeast","Georgia",1997,7685
"Population_(Thousands)","Far West","Hawaii",1997,1212
"Population_(Thousands)","Rocky Mountains","Idaho",1997,1229
"Population_(Thousands)","Great Lakes","Illinois",1997,12186
"Population_(Thousands)","Great Lakes","Indiana",1997,5955
"Population_(Thousands)","Plains","Iowa",1997,2891
"Population_(Thousands)","Plains","Kansas",1997,2635
"Population_(Thousands)","Southeast","Kentucky",1997,3953
"Population_(Thousands)","Southeast","Louisiana",1997,4421
"Population_(Thousands)","New England","Maine",1997,1255
"Population_(Thousands)","Mideast","Maryland",1997,5157
"Population_(Thousands)","New England","Massachusetts",1997,6226
"Population_(Thousands)","Great Lakes","Michigan",1997,9809
"Population_(Thousands)","Plains","Minnesota",1997,4763
"Population_(Thousands)","Southeast","Mississippi",1997,2777
"Population_(Thousands)","Plains","Missouri",1997,5481
"Population_(Thousands)","Rocky Mountains","Montana",1997,890
"Population_(Thousands)","Plains","Nebraska",1997,1686
"Population_(Thousands)","Far West","Nevada",1997,1764
"Population_(Thousands)","New England","New Hampshire",1997,1189
"Population_(Thousands)","Mideast","New Jersey",1997,8219
"Population_(Thousands)","Southwest","New Mexico",1997,1775
"Population_(Thousands)","Mideast","New York",1997,18657
"Population_(Thousands)","Southeast","North Carolina",1997,7657
"Population_(Thousands)","Plains","North Dakota",1997,650
"Population_(Thousands)","Great Lakes","Ohio",1997,11277
"Population_(Thousands)","Southwest","Oklahoma",1997,3373
"Population_(Thousands)","Far West","Oregon",1997,3304
"Population_(Thousands)","Mideast","Pennsylvania",1997,12228
"Population_(Thousands)","New England","Rhode Island",1997,1025
"Population_(Thousands)","Southeast","South Carolina",1997,3860
"Population_(Thousands)","Plains","South Dakota",1997,744
"Population_(Thousands)","Southeast","Tennessee",1997,5499
"Population_(Thousands)","Southwest","Texas",1997,19740
"Population_(Thousands)","Rocky Mountains","Utah",1997,2120
"Population_(Thousands)","New England","Vermont",1997,597
"Population_(Thousands)","Southeast","Virginia",1997,6829
"Population_(Thousands)","Far West","Washington",1997,5675
"Population_(Thousands)","Southeast","West Virginia",1997,1819
"Population_(Thousands)","Great Lakes","Wisconsin",1997,5266
"Population_(Thousands)","Rocky Mountains","Wyoming",1997,489
"Population_(Thousands)","Southeast","Alabama",1998,4405
"Population_(Thousands)","Far West","Alaska",1998,620
"Population_(Thousands)","Southwest","Arizona",1998,4883
"Population_(Thousands)","Southeast","Arkansas",1998,2626
"Population_(Thousands)","Far West","California",1998,32988
"Population_(Thousands)","Rocky Mountains","Colorado",1998,4117
"Population_(Thousands)","New England","Connecticut",1998,3365
"Population_(Thousands)","Mideast","Delaware",1998,763
"Population_(Thousands)","Mideast","District of Columbia",1998,565
"Population_(Thousands)","Southeast","Florida",1998,15487
"Population_(Thousands)","Southeast","Georgia",1998,7864
"Population_(Thousands)","Far West","Hawaii",1998,1215
"Population_(Thousands)","Rocky Mountains","Idaho",1998,1252
"Population_(Thousands)","Great Lakes","Illinois",1998,12272
"Population_(Thousands)","Great Lakes","Indiana",1998,5999
"Population_(Thousands)","Plains","Iowa",1998,2903
"Population_(Thousands)","Plains","Kansas",1998,2661
"Population_(Thousands)","Southeast","Kentucky",1998,3985
"Population_(Thousands)","Southeast","Louisiana",1998,4440
"Population_(Thousands)","New England","Maine",1998,1259
"Population_(Thousands)","Mideast","Maryland",1998,5204
"Population_(Thousands)","New England","Massachusetts",1998,6272
"Population_(Thousands)","Great Lakes","Michigan",1998,9848
"Population_(Thousands)","Plains","Minnesota",1998,4813
"Population_(Thousands)","Southeast","Mississippi",1998,2805
"Population_(Thousands)","Plains","Missouri",1998,5522
"Population_(Thousands)","Rocky Mountains","Montana",1998,892
"Population_(Thousands)","Plains","Nebraska",1998,1696
"Population_(Thousands)","Far West","Nevada",1998,1853
"Population_(Thousands)","New England","New Hampshire",1998,1206
"Population_(Thousands)","Mideast","New Jersey",1998,8287
"Population_(Thousands)","Southwest","New Mexico",1998,1793
"Population_(Thousands)","Mideast","New York",1998,18756
"Population_(Thousands)","Southeast","North Carolina",1998,7809
"Population_(Thousands)","Plains","North Dakota",1998,648
"Population_(Thousands)","Great Lakes","Ohio",1998,11312
"Population_(Thousands)","Southwest","Oklahoma",1998,3405
"Population_(Thousands)","Far West","Oregon",1998,3352
"Population_(Thousands)","Mideast","Pennsylvania",1998,12246
"Population_(Thousands)","New England","Rhode Island",1998,1031
"Population_(Thousands)","Southeast","South Carolina",1998,3919
"Population_(Thousands)","Plains","South Dakota",1998,746
"Population_(Thousands)","Southeast","Tennessee",1998,5570
"Population_(Thousands)","Southwest","Texas",1998,20158
"Population_(Thousands)","Rocky Mountains","Utah",1998,2166
"Population_(Thousands)","New England","Vermont",1998,600
"Population_(Thousands)","Southeast","Virginia",1998,6901
"Population_(Thousands)","Far West","Washington",1998,5770
"Population_(Thousands)","Southeast","West Virginia",1998,1816
"Population_(Thousands)","Great Lakes","Wisconsin",1998,5298
"Population_(Thousands)","Rocky Mountains","Wyoming",1998,491
"Population_(Thousands)","Southeast","Alabama",1999,4430
"Population_(Thousands)","Far West","Alaska",1999,625
"Population_(Thousands)","Southwest","Arizona",1999,5024
"Population_(Thousands)","Southeast","Arkansas",1999,2652
"Population_(Thousands)","Far West","California",1999,33499
"Population_(Thousands)","Rocky Mountains","Colorado",1999,4226
"Population_(Thousands)","New England","Connecticut",1999,3386
"Population_(Thousands)","Mideast","Delaware",1999,775
"Population_(Thousands)","Mideast","District of Columbia",1999,570
"Population_(Thousands)","Southeast","Florida",1999,15759
"Population_(Thousands)","Southeast","Georgia",1999,8046
"Population_(Thousands)","Far West","Hawaii",1999,1210
"Population_(Thousands)","Rocky Mountains","Idaho",1999,1276
"Population_(Thousands)","Great Lakes","Illinois",1999,12359
"Population_(Thousands)","Great Lakes","Indiana",1999,6045
"Population_(Thousands)","Plains","Iowa",1999,2918
"Population_(Thousands)","Plains","Kansas",1999,2678
"Population_(Thousands)","Southeast","Kentucky",1999,4018
"Population_(Thousands)","Southeast","Louisiana",1999,4461
"Population_(Thousands)","New England","Maine",1999,1267
"Population_(Thousands)","Mideast","Maryland",1999,5255
"Population_(Thousands)","New England","Massachusetts",1999,6317
"Population_(Thousands)","Great Lakes","Michigan",1999,9897
"Population_(Thousands)","Plains","Minnesota",1999,4873
"Population_(Thousands)","Southeast","Mississippi",1999,2828
"Population_(Thousands)","Plains","Missouri",1999,5562
"Population_(Thousands)","Rocky Mountains","Montana",1999,898
"Population_(Thousands)","Plains","Nebraska",1999,1705
"Population_(Thousands)","Far West","Nevada",1999,1935
"Population_(Thousands)","New England","New Hampshire",1999,1222
"Population_(Thousands)","Mideast","New Jersey",1999,8360
"Population_(Thousands)","Southwest","New Mexico",1999,1808
"Population_(Thousands)","Mideast","New York",1999,18883
"Population_(Thousands)","Southeast","North Carolina",1999,7949
"Population_(Thousands)","Plains","North Dakota",1999,644
"Population_(Thousands)","Great Lakes","Ohio",1999,11335
"Population_(Thousands)","Southwest","Oklahoma",1999,3437
"Population_(Thousands)","Far West","Oregon",1999,3394
"Population_(Thousands)","Mideast","Pennsylvania",1999,12264
"Population_(Thousands)","New England","Rhode Island",1999,1040
"Population_(Thousands)","Southeast","South Carolina",1999,3975
"Population_(Thousands)","Plains","South Dakota",1999,750
"Population_(Thousands)","Southeast","Tennessee",1999,5639
"Population_(Thousands)","Southwest","Texas",1999,20558
"Population_(Thousands)","Rocky Mountains","Utah",1999,2203
"Population_(Thousands)","New England","Vermont",1999,605
"Population_(Thousands)","Southeast","Virginia",1999,7000
"Population_(Thousands)","Far West","Washington",1999,5843
"Population_(Thousands)","Southeast","West Virginia",1999,1812
"Population_(Thousands)","Great Lakes","Wisconsin",1999,5333
"Population_(Thousands)","Rocky Mountains","Wyoming",1999,492
"Population_(Thousands)","Southeast","Alabama",2000,4452
"Population_(Thousands)","Far West","Alaska",2000,628
"Population_(Thousands)","Southwest","Arizona",2000,5161
"Population_(Thousands)","Southeast","Arkansas",2000,2679
"Population_(Thousands)","Far West","California",2000,33988
"Population_(Thousands)","Rocky Mountains","Colorado",2000,4327
"Population_(Thousands)","New England","Connecticut",2000,3412
"Population_(Thousands)","Mideast","Delaware",2000,786
"Population_(Thousands)","Mideast","District of Columbia",2000,572
"Population_(Thousands)","Southeast","Florida",2000,16048
"Population_(Thousands)","Southeast","Georgia",2000,8227
"Population_(Thousands)","Far West","Hawaii",2000,1214
"Population_(Thousands)","Rocky Mountains","Idaho",2000,1299
"Population_(Thousands)","Great Lakes","Illinois",2000,12434
"Population_(Thousands)","Great Lakes","Indiana",2000,6092
"Population_(Thousands)","Plains","Iowa",2000,2929
"Population_(Thousands)","Plains","Kansas",2000,2694
"Population_(Thousands)","Southeast","Kentucky",2000,4049
"Population_(Thousands)","Southeast","Louisiana",2000,4472
"Population_(Thousands)","New England","Maine",2000,1277
"Population_(Thousands)","Mideast","Maryland",2000,5311
"Population_(Thousands)","New England","Massachusetts",2000,6361
"Population_(Thousands)","Great Lakes","Michigan",2000,9952
"Population_(Thousands)","Plains","Minnesota",2000,4934
"Population_(Thousands)","Southeast","Mississippi",2000,2848
"Population_(Thousands)","Plains","Missouri",2000,5607
"Population_(Thousands)","Rocky Mountains","Montana",2000,904
"Population_(Thousands)","Plains","Nebraska",2000,1714
"Population_(Thousands)","Far West","Nevada",2000,2019
"Population_(Thousands)","New England","New Hampshire",2000,1240
"Population_(Thousands)","Mideast","New Jersey",2000,8431
"Population_(Thousands)","Southwest","New Mexico",2000,1821
"Population_(Thousands)","Mideast","New York",2000,19002
"Population_(Thousands)","Southeast","North Carolina",2000,8082
"Population_(Thousands)","Plains","North Dakota",2000,642
"Population_(Thousands)","Great Lakes","Ohio",2000,11364
"Population_(Thousands)","Southwest","Oklahoma",2000,3454
"Population_(Thousands)","Far West","Oregon",2000,3430
"Population_(Thousands)","Mideast","Pennsylvania",2000,12284
"Population_(Thousands)","New England","Rhode Island",2000,1050
"Population_(Thousands)","Southeast","South Carolina",2000,4024
"Population_(Thousands)","Plains","South Dakota",2000,756
"Population_(Thousands)","Southeast","Tennessee",2000,5704
"Population_(Thousands)","Southwest","Texas",2000,20944
"Population_(Thousands)","Rocky Mountains","Utah",2000,2245
"Population_(Thousands)","New England","Vermont",2000,610
"Population_(Thousands)","Southeast","Virginia",2000,7106
"Population_(Thousands)","Far West","Washington",2000,5911
"Population_(Thousands)","Southeast","West Virginia",2000,1807
"Population_(Thousands)","Great Lakes","Wisconsin",2000,5374
"Population_(Thousands)","Rocky Mountains","Wyoming",2000,494
"Population_(Thousands)","Southeast","Alabama",2001,4468
"Population_(Thousands)","Far West","Alaska",2001,634
"Population_(Thousands)","Southwest","Arizona",2001,5273
"Population_(Thousands)","Southeast","Arkansas",2001,2692
"Population_(Thousands)","Far West","California",2001,34479
"Population_(Thousands)","Rocky Mountains","Colorado",2001,4426
"Population_(Thousands)","New England","Connecticut",2001,3433
"Population_(Thousands)","Mideast","Delaware",2001,796
"Population_(Thousands)","Mideast","District of Columbia",2001,575
"Population_(Thousands)","Southeast","Florida",2001,16357
"Population_(Thousands)","Southeast","Georgia",2001,8377
"Population_(Thousands)","Far West","Hawaii",2001,1226
"Population_(Thousands)","Rocky Mountains","Idaho",2001,1320
"Population_(Thousands)","Great Lakes","Illinois",2001,12488
"Population_(Thousands)","Great Lakes","Indiana",2001,6128
"Population_(Thousands)","Plains","Iowa",2001,2932
"Population_(Thousands)","Plains","Kansas",2001,2702
"Population_(Thousands)","Southeast","Kentucky",2001,4068
"Population_(Thousands)","Southeast","Louisiana",2001,4478
"Population_(Thousands)","New England","Maine",2001,1286
"Population_(Thousands)","Mideast","Maryland",2001,5375
"Population_(Thousands)","New England","Massachusetts",2001,6398
"Population_(Thousands)","Great Lakes","Michigan",2001,9991
"Population_(Thousands)","Plains","Minnesota",2001,4983
"Population_(Thousands)","Southeast","Mississippi",2001,2853
"Population_(Thousands)","Plains","Missouri",2001,5641
"Population_(Thousands)","Rocky Mountains","Montana",2001,907
"Population_(Thousands)","Plains","Nebraska",2001,1720
"Population_(Thousands)","Far West","Nevada",2001,2098
"Population_(Thousands)","New England","New Hampshire",2001,1256
"Population_(Thousands)","Mideast","New Jersey",2001,8493
"Population_(Thousands)","Southwest","New Mexico",2001,1832
"Population_(Thousands)","Mideast","New York",2001,19083
"Population_(Thousands)","Southeast","North Carolina",2001,8210
"Population_(Thousands)","Plains","North Dakota",2001,639
"Population_(Thousands)","Great Lakes","Ohio",2001,11387
"Population_(Thousands)","Southwest","Oklahoma",2001,3467
"Population_(Thousands)","Far West","Oregon",2001,3468
"Population_(Thousands)","Mideast","Pennsylvania",2001,12299
"Population_(Thousands)","New England","Rhode Island",2001,1057
"Population_(Thousands)","Southeast","South Carolina",2001,4065
"Population_(Thousands)","Plains","South Dakota",2001,758
"Population_(Thousands)","Southeast","Tennessee",2001,5751
"Population_(Thousands)","Southwest","Texas",2001,21320
"Population_(Thousands)","Rocky Mountains","Utah",2001,2284
"Population_(Thousands)","New England","Vermont",2001,612
"Population_(Thousands)","Southeast","Virginia",2001,7198
"Population_(Thousands)","Far West","Washington",2001,5986
"Population_(Thousands)","Southeast","West Virginia",2001,1801
"Population_(Thousands)","Great Lakes","Wisconsin",2001,5407
"Population_(Thousands)","Rocky Mountains","Wyoming",2001,495
"Population_(Thousands)","Southeast","Alabama",2002,4480
"Population_(Thousands)","Far West","Alaska",2002,642
"Population_(Thousands)","Southwest","Arizona",2002,5396
"Population_(Thousands)","Southeast","Arkansas",2002,2706
"Population_(Thousands)","Far West","California",2002,34872
"Population_(Thousands)","Rocky Mountains","Colorado",2002,4490
"Population_(Thousands)","New England","Connecticut",2002,3459
"Population_(Thousands)","Mideast","Delaware",2002,806
"Population_(Thousands)","Mideast","District of Columbia",2002,573
"Population_(Thousands)","Southeast","Florida",2002,16689
"Population_(Thousands)","Southeast","Georgia",2002,8508
"Population_(Thousands)","Far West","Hawaii",2002,1240
"Population_(Thousands)","Rocky Mountains","Idaho",2002,1340
"Population_(Thousands)","Great Lakes","Illinois",2002,12526
"Population_(Thousands)","Great Lakes","Indiana",2002,6156
"Population_(Thousands)","Plains","Iowa",2002,2934
"Population_(Thousands)","Plains","Kansas",2002,2714
"Population_(Thousands)","Southeast","Kentucky",2002,4090
"Population_(Thousands)","Southeast","Louisiana",2002,4497
"Population_(Thousands)","New England","Maine",2002,1296
"Population_(Thousands)","Mideast","Maryland",2002,5440
"Population_(Thousands)","New England","Massachusetts",2002,6417
"Population_(Thousands)","Great Lakes","Michigan",2002,10016
"Population_(Thousands)","Plains","Minnesota",2002,5019
"Population_(Thousands)","Southeast","Mississippi",2002,2859
"Population_(Thousands)","Plains","Missouri",2002,5675
"Population_(Thousands)","Rocky Mountains","Montana",2002,912
"Population_(Thousands)","Plains","Nebraska",2002,1728
"Population_(Thousands)","Far West","Nevada",2002,2174
"Population_(Thousands)","New England","New Hampshire",2002,1269
"Population_(Thousands)","Mideast","New Jersey",2002,8553
"Population_(Thousands)","Southwest","New Mexico",2002,1855
"Population_(Thousands)","Mideast","New York",2002,19138
"Population_(Thousands)","Southeast","North Carolina",2002,8326
"Population_(Thousands)","Plains","North Dakota",2002,638
"Population_(Thousands)","Great Lakes","Ohio",2002,11408
"Population_(Thousands)","Southwest","Oklahoma",2002,3489
"Population_(Thousands)","Far West","Oregon",2002,3513
"Population_(Thousands)","Mideast","Pennsylvania",2002,12331
"Population_(Thousands)","New England","Rhode Island",2002,1066
"Population_(Thousands)","Southeast","South Carolina",2002,4108
"Population_(Thousands)","Plains","South Dakota",2002,760
"Population_(Thousands)","Southeast","Tennessee",2002,5796
"Population_(Thousands)","Southwest","Texas",2002,21690
"Population_(Thousands)","Rocky Mountains","Utah",2002,2325
"Population_(Thousands)","New England","Vermont",2002,615
"Population_(Thousands)","Southeast","Virginia",2002,7287
"Population_(Thousands)","Far West","Washington",2002,6052
"Population_(Thousands)","Southeast","West Virginia",2002,1805
"Population_(Thousands)","Great Lakes","Wisconsin",2002,5445
"Population_(Thousands)","Rocky Mountains","Wyoming",2002,500
"Population_(Thousands)","Southeast","Alabama",2003,4503
"Population_(Thousands)","Far West","Alaska",2003,648
"Population_(Thousands)","Southwest","Arizona",2003,5510
"Population_(Thousands)","Southeast","Arkansas",2003,2725
"Population_(Thousands)","Far West","California",2003,35253
"Population_(Thousands)","Rocky Mountains","Colorado",2003,4529
"Population_(Thousands)","New England","Connecticut",2003,3484
"Population_(Thousands)","Mideast","Delaware",2003,818
"Population_(Thousands)","Mideast","District of Columbia",2003,569
"Population_(Thousands)","Southeast","Florida",2003,17004
"Population_(Thousands)","Southeast","Georgia",2003,8623
"Population_(Thousands)","Far West","Hawaii",2003,1251
"Population_(Thousands)","Rocky Mountains","Idaho",2003,1363
"Population_(Thousands)","Great Lakes","Illinois",2003,12556
"Population_(Thousands)","Great Lakes","Indiana",2003,6197
"Population_(Thousands)","Plains","Iowa",2003,2942
"Population_(Thousands)","Plains","Kansas",2003,2723
"Population_(Thousands)","Southeast","Kentucky",2003,4117
"Population_(Thousands)","Southeast","Louisiana",2003,4521
"Population_(Thousands)","New England","Maine",2003,1307
"Population_(Thousands)","Mideast","Maryland",2003,5496
"Population_(Thousands)","New England","Massachusetts",2003,6423
"Population_(Thousands)","Great Lakes","Michigan",2003,10041
"Population_(Thousands)","Plains","Minnesota",2003,5054
"Population_(Thousands)","Southeast","Mississippi",2003,2868
"Population_(Thousands)","Plains","Missouri",2003,5709
"Population_(Thousands)","Rocky Mountains","Montana",2003,920
"Population_(Thousands)","Plains","Nebraska",2003,1739
"Population_(Thousands)","Far West","Nevada",2003,2249
"Population_(Thousands)","New England","New Hampshire",2003,1280
"Population_(Thousands)","Mideast","New Jersey",2003,8601
"Population_(Thousands)","Southwest","New Mexico",2003,1878
"Population_(Thousands)","Mideast","New York",2003,19176
"Population_(Thousands)","Southeast","North Carolina",2003,8423
"Population_(Thousands)","Plains","North Dakota",2003,639
"Population_(Thousands)","Great Lakes","Ohio",2003,11435
"Population_(Thousands)","Southwest","Oklahoma",2003,3505
"Population_(Thousands)","Far West","Oregon",2003,3547
"Population_(Thousands)","Mideast","Pennsylvania",2003,12375
"Population_(Thousands)","New England","Rhode Island",2003,1071
"Population_(Thousands)","Southeast","South Carolina",2003,4150
"Population_(Thousands)","Plains","South Dakota",2003,764
"Population_(Thousands)","Southeast","Tennessee",2003,5848
"Population_(Thousands)","Southwest","Texas",2003,22031
"Population_(Thousands)","Rocky Mountains","Utah",2003,2360
"Population_(Thousands)","New England","Vermont",2003,618
"Population_(Thousands)","Southeast","Virginia",2003,7367
"Population_(Thousands)","Far West","Washington",2003,6104
"Population_(Thousands)","Southeast","West Virginia",2003,1812
"Population_(Thousands)","Great Lakes","Wisconsin",2003,5479
"Population_(Thousands)","Rocky Mountains","Wyoming",2003,503
"Population_(Thousands)","Southeast","Alabama",2004,4531
"Population_(Thousands)","Far West","Alaska",2004,659
"Population_(Thousands)","Southwest","Arizona",2004,5652
"Population_(Thousands)","Southeast","Arkansas",2004,2750
"Population_(Thousands)","Far West","California",2004,35575
"Population_(Thousands)","Rocky Mountains","Colorado",2004,4575
"Population_(Thousands)","New England","Connecticut",2004,3496
"Population_(Thousands)","Mideast","Delaware",2004,831
"Population_(Thousands)","Mideast","District of Columbia",2004,568
"Population_(Thousands)","Southeast","Florida",2004,17415
"Population_(Thousands)","Southeast","Georgia",2004,8769
"Population_(Thousands)","Far West","Hawaii",2004,1274
"Population_(Thousands)","Rocky Mountains","Idaho",2004,1392
"Population_(Thousands)","Great Lakes","Illinois",2004,12590
"Population_(Thousands)","Great Lakes","Indiana",2004,6233
"Population_(Thousands)","Plains","Iowa",2004,2954
"Population_(Thousands)","Plains","Kansas",2004,2734
"Population_(Thousands)","Southeast","Kentucky",2004,4146
"Population_(Thousands)","Southeast","Louisiana",2004,4552
"Population_(Thousands)","New England","Maine",2004,1314
"Population_(Thousands)","Mideast","Maryland",2004,5547
"Population_(Thousands)","New England","Massachusetts",2004,6412
"Population_(Thousands)","Great Lakes","Michigan",2004,10055
"Population_(Thousands)","Plains","Minnesota",2004,5088
"Population_(Thousands)","Southeast","Mississippi",2004,2889
"Population_(Thousands)","Plains","Missouri",2004,5748
"Population_(Thousands)","Rocky Mountains","Montana",2004,930
"Population_(Thousands)","Plains","Nebraska",2004,1749
"Population_(Thousands)","Far West","Nevada",2004,2346
"Population_(Thousands)","New England","New Hampshire",2004,1290
"Population_(Thousands)","Mideast","New Jersey",2004,8635
"Population_(Thousands)","Southwest","New Mexico",2004,1904
"Population_(Thousands)","Mideast","New York",2004,19172
"Population_(Thousands)","Southeast","North Carolina",2004,8553
"Population_(Thousands)","Plains","North Dakota",2004,645
"Population_(Thousands)","Great Lakes","Ohio",2004,11452
"Population_(Thousands)","Southwest","Oklahoma",2004,3525
"Population_(Thousands)","Far West","Oregon",2004,3569
"Population_(Thousands)","Mideast","Pennsylvania",2004,12411
"Population_(Thousands)","New England","Rhode Island",2004,1075
"Population_(Thousands)","Southeast","South Carolina",2004,4211
"Population_(Thousands)","Plains","South Dakota",2004,770
"Population_(Thousands)","Southeast","Tennessee",2004,5911
"Population_(Thousands)","Southwest","Texas",2004,22394
"Population_(Thousands)","Rocky Mountains","Utah",2004,2402
"Population_(Thousands)","New England","Vermont",2004,620
"Population_(Thousands)","Southeast","Virginia",2004,7476
"Population_(Thousands)","Far West","Washington",2004,6179
"Population_(Thousands)","Southeast","West Virginia",2004,1816
"Population_(Thousands)","Great Lakes","Wisconsin",2004,5514
"Population_(Thousands)","Rocky Mountains","Wyoming",2004,509
"Population_(Thousands)","Southeast","Alabama",2005,4570
"Population_(Thousands)","Far West","Alaska",2005,667
"Population_(Thousands)","Southwest","Arizona",2005,5839
"Population_(Thousands)","Southeast","Arkansas",2005,2781
"Population_(Thousands)","Far West","California",2005,35828
"Population_(Thousands)","Rocky Mountains","Colorado",2005,4632
"Population_(Thousands)","New England","Connecticut",2005,3507
"Population_(Thousands)","Mideast","Delaware",2005,845
"Population_(Thousands)","Mideast","District of Columbia",2005,567
"Population_(Thousands)","Southeast","Florida",2005,17842
"Population_(Thousands)","Southeast","Georgia",2005,8926
"Population_(Thousands)","Far West","Hawaii",2005,1293
"Population_(Thousands)","Rocky Mountains","Idaho",2005,1428
"Population_(Thousands)","Great Lakes","Illinois",2005,12610
"Population_(Thousands)","Great Lakes","Indiana",2005,6279
"Population_(Thousands)","Plains","Iowa",2005,2964
"Population_(Thousands)","Plains","Kansas",2005,2745
"Population_(Thousands)","Southeast","Kentucky",2005,4183
"Population_(Thousands)","Southeast","Louisiana",2005,4577
"Population_(Thousands)","New England","Maine",2005,1319
"Population_(Thousands)","Mideast","Maryland",2005,5592
"Population_(Thousands)","New England","Massachusetts",2005,6403
"Population_(Thousands)","Great Lakes","Michigan",2005,10051
"Population_(Thousands)","Plains","Minnesota",2005,5120
"Population_(Thousands)","Southeast","Mississippi",2005,2906
"Population_(Thousands)","Plains","Missouri",2005,5790
"Population_(Thousands)","Rocky Mountains","Montana",2005,940
"Population_(Thousands)","Plains","Nebraska",2005,1761
"Population_(Thousands)","Far West","Nevada",2005,2432
"Population_(Thousands)","New England","New Hampshire",2005,1298
"Population_(Thousands)","Mideast","New Jersey",2005,8652
"Population_(Thousands)","Southwest","New Mexico",2005,1932
"Population_(Thousands)","Mideast","New York",2005,19133
"Population_(Thousands)","Southeast","North Carolina",2005,8705
"Population_(Thousands)","Plains","North Dakota",2005,646
"Population_(Thousands)","Great Lakes","Ohio",2005,11463
"Population_(Thousands)","Southwest","Oklahoma",2005,3549
"Population_(Thousands)","Far West","Oregon",2005,3613
"Population_(Thousands)","Mideast","Pennsylvania",2005,12450
"Population_(Thousands)","New England","Rhode Island",2005,1068
"Population_(Thousands)","Southeast","South Carolina",2005,4270
"Population_(Thousands)","Plains","South Dakota",2005,775
"Population_(Thousands)","Southeast","Tennessee",2005,5991
"Population_(Thousands)","Southwest","Texas",2005,22778
"Population_(Thousands)","Rocky Mountains","Utah",2005,2458
"Population_(Thousands)","New England","Vermont",2005,621
"Population_(Thousands)","Southeast","Virginia",2005,7577
"Population_(Thousands)","Far West","Washington",2005,6257
"Population_(Thousands)","Southeast","West Virginia",2005,1820
"Population_(Thousands)","Great Lakes","Wisconsin",2005,5546
"Population_(Thousands)","Rocky Mountains","Wyoming",2005,514
"Population_(Thousands)","Southeast","Alabama",2006,4629
"Population_(Thousands)","Far West","Alaska",2006,675
"Population_(Thousands)","Southwest","Arizona",2006,6029
"Population_(Thousands)","Southeast","Arkansas",2006,2822
"Population_(Thousands)","Far West","California",2006,36021
"Population_(Thousands)","Rocky Mountains","Colorado",2006,4720
"Population_(Thousands)","New England","Connecticut",2006,3517
"Population_(Thousands)","Mideast","Delaware",2006,859
"Population_(Thousands)","Mideast","District of Columbia",2006,571
"Population_(Thousands)","Southeast","Florida",2006,18167
"Population_(Thousands)","Southeast","Georgia",2006,9156
"Population_(Thousands)","Far West","Hawaii",2006,1310
"Population_(Thousands)","Rocky Mountains","Idaho",2006,1469
"Population_(Thousands)","Great Lakes","Illinois",2006,12644
"Population_(Thousands)","Great Lakes","Indiana",2006,6333
"Population_(Thousands)","Plains","Iowa",2006,2983
"Population_(Thousands)","Plains","Kansas",2006,2763
"Population_(Thousands)","Southeast","Kentucky",2006,4219
"Population_(Thousands)","Southeast","Louisiana",2006,4303
"Population_(Thousands)","New England","Maine",2006,1324
"Population_(Thousands)","Mideast","Maryland",2006,5627
"Population_(Thousands)","New England","Massachusetts",2006,6410
"Population_(Thousands)","Great Lakes","Michigan",2006,10036
"Population_(Thousands)","Plains","Minnesota",2006,5164
"Population_(Thousands)","Southeast","Mississippi",2006,2905
"Population_(Thousands)","Plains","Missouri",2006,5843
"Population_(Thousands)","Rocky Mountains","Montana",2006,953
"Population_(Thousands)","Plains","Nebraska",2006,1773
"Population_(Thousands)","Far West","Nevada",2006,2523
"Population_(Thousands)","New England","New Hampshire",2006,1308
"Population_(Thousands)","Mideast","New Jersey",2006,8662
"Population_(Thousands)","Southwest","New Mexico",2006,1962
"Population_(Thousands)","Mideast","New York",2006,19105
"Population_(Thousands)","Southeast","North Carolina",2006,8917
"Population_(Thousands)","Plains","North Dakota",2006,649
"Population_(Thousands)","Great Lakes","Ohio",2006,11481
"Population_(Thousands)","Southwest","Oklahoma",2006,3594
"Population_(Thousands)","Far West","Oregon",2006,3671
"Population_(Thousands)","Mideast","Pennsylvania",2006,12511
"Population_(Thousands)","New England","Rhode Island",2006,1063
"Population_(Thousands)","Southeast","South Carolina",2006,4358
"Population_(Thousands)","Plains","South Dakota",2006,783
"Population_(Thousands)","Southeast","Tennessee",2006,6089
"Population_(Thousands)","Southwest","Texas",2006,23360
"Population_(Thousands)","Rocky Mountains","Utah",2006,2526
"Population_(Thousands)","New England","Vermont",2006,623
"Population_(Thousands)","Southeast","Virginia",2006,7674
"Population_(Thousands)","Far West","Washington",2006,6371
"Population_(Thousands)","Southeast","West Virginia",2006,1828
"Population_(Thousands)","Great Lakes","Wisconsin",2006,5578
"Population_(Thousands)","Rocky Mountains","Wyoming",2006,523
"Population_(Thousands)","Southeast","Alabama",2007,4673
"Population_(Thousands)","Far West","Alaska",2007,680
"Population_(Thousands)","Southwest","Arizona",2007,6168
"Population_(Thousands)","Southeast","Arkansas",2007,2849
"Population_(Thousands)","Far West","California",2007,36250
"Population_(Thousands)","Rocky Mountains","Colorado",2007,4804
"Population_(Thousands)","New England","Connecticut",2007,3527
"Population_(Thousands)","Mideast","Delaware",2007,872
"Population_(Thousands)","Mideast","District of Columbia",2007,574
"Population_(Thousands)","Southeast","Florida",2007,18368
"Population_(Thousands)","Southeast","Georgia",2007,9350
"Population_(Thousands)","Far West","Hawaii",2007,1316
"Population_(Thousands)","Rocky Mountains","Idaho",2007,1505
"Population_(Thousands)","Great Lakes","Illinois",2007,12696
"Population_(Thousands)","Great Lakes","Indiana",2007,6380
"Population_(Thousands)","Plains","Iowa",2007,2999
"Population_(Thousands)","Plains","Kansas",2007,2784
"Population_(Thousands)","Southeast","Kentucky",2007,4257
"Population_(Thousands)","Southeast","Louisiana",2007,4376
"Population_(Thousands)","New England","Maine",2007,1327
"Population_(Thousands)","Mideast","Maryland",2007,5653
"Population_(Thousands)","New England","Massachusetts",2007,6432
"Population_(Thousands)","Great Lakes","Michigan",2007,10001
"Population_(Thousands)","Plains","Minnesota",2007,5207
"Population_(Thousands)","Southeast","Mississippi",2007,2928
"Population_(Thousands)","Plains","Missouri",2007,5888
"Population_(Thousands)","Rocky Mountains","Montana",2007,965
"Population_(Thousands)","Plains","Nebraska",2007,1783
"Population_(Thousands)","Far West","Nevada",2007,2601
"Population_(Thousands)","New England","New Hampshire",2007,1313
"Population_(Thousands)","Mideast","New Jersey",2007,8678
"Population_(Thousands)","Southwest","New Mexico",2007,1990
"Population_(Thousands)","Mideast","New York",2007,19132
"Population_(Thousands)","Southeast","North Carolina",2007,9118
"Population_(Thousands)","Plains","North Dakota",2007,653
"Population_(Thousands)","Great Lakes","Ohio",2007,11500
"Population_(Thousands)","Southwest","Oklahoma",2007,3634
"Population_(Thousands)","Far West","Oregon",2007,3722
"Population_(Thousands)","Mideast","Pennsylvania",2007,12564
"Population_(Thousands)","New England","Rhode Island",2007,1057
"Population_(Thousands)","Southeast","South Carolina",2007,4444
"Population_(Thousands)","Plains","South Dakota",2007,792
"Population_(Thousands)","Southeast","Tennessee",2007,6176
"Population_(Thousands)","Southwest","Texas",2007,23832
"Population_(Thousands)","Rocky Mountains","Utah",2007,2598
"Population_(Thousands)","New England","Vermont",2007,623
"Population_(Thousands)","Southeast","Virginia",2007,7751
"Population_(Thousands)","Far West","Washington",2007,6462
"Population_(Thousands)","Southeast","West Virginia",2007,1834
"Population_(Thousands)","Great Lakes","Wisconsin",2007,5611
"Population_(Thousands)","Rocky Mountains","Wyoming",2007,535
"Population_(Thousands)","Southeast","Alabama",2008,4718
"Population_(Thousands)","Far West","Alaska",2008,687
"Population_(Thousands)","Southwest","Arizona",2008,6280
"Population_(Thousands)","Southeast","Arkansas",2008,2875
"Population_(Thousands)","Far West","California",2008,36604
"Population_(Thousands)","Rocky Mountains","Colorado",2008,4890
"Population_(Thousands)","New England","Connecticut",2008,3546
"Population_(Thousands)","Mideast","Delaware",2008,884
"Population_(Thousands)","Mideast","District of Columbia",2008,580
"Population_(Thousands)","Southeast","Florida",2008,18527
"Population_(Thousands)","Southeast","Georgia",2008,9505
"Population_(Thousands)","Far West","Hawaii",2008,1332
"Population_(Thousands)","Rocky Mountains","Idaho",2008,1534
"Population_(Thousands)","Great Lakes","Illinois",2008,12747
"Population_(Thousands)","Great Lakes","Indiana",2008,6425
"Population_(Thousands)","Plains","Iowa",2008,3017
"Population_(Thousands)","Plains","Kansas",2008,2808
"Population_(Thousands)","Southeast","Kentucky",2008,4290
"Population_(Thousands)","Southeast","Louisiana",2008,4436
"Population_(Thousands)","New England","Maine",2008,1331
"Population_(Thousands)","Mideast","Maryland",2008,5685
"Population_(Thousands)","New England","Massachusetts",2008,6469
"Population_(Thousands)","Great Lakes","Michigan",2008,9947
"Population_(Thousands)","Plains","Minnesota",2008,5247
"Population_(Thousands)","Southeast","Mississippi",2008,2948
"Population_(Thousands)","Plains","Missouri",2008,5924
"Population_(Thousands)","Rocky Mountains","Montana",2008,976
"Population_(Thousands)","Plains","Nebraska",2008,1796
"Population_(Thousands)","Far West","Nevada",2008,2654
"Population_(Thousands)","New England","New Hampshire",2008,1316
"Population_(Thousands)","Mideast","New Jersey",2008,8711
"Population_(Thousands)","Southwest","New Mexico",2008,2011
"Population_(Thousands)","Mideast","New York",2008,19212
"Population_(Thousands)","Southeast","North Carolina",2008,9309
"Population_(Thousands)","Plains","North Dakota",2008,658
"Population_(Thousands)","Great Lakes","Ohio",2008,11515
"Population_(Thousands)","Southwest","Oklahoma",2008,3669
"Population_(Thousands)","Far West","Oregon",2008,3769
"Population_(Thousands)","Mideast","Pennsylvania",2008,12612
"Population_(Thousands)","New England","Rhode Island",2008,1055
"Population_(Thousands)","Southeast","South Carolina",2008,4529
"Population_(Thousands)","Plains","South Dakota",2008,799
"Population_(Thousands)","Southeast","Tennessee",2008,6247
"Population_(Thousands)","Southwest","Texas",2008,24309
"Population_(Thousands)","Rocky Mountains","Utah",2008,2663
"Population_(Thousands)","New England","Vermont",2008,624
"Population_(Thousands)","Southeast","Virginia",2008,7833
"Population_(Thousands)","Far West","Washington",2008,6562
"Population_(Thousands)","Southeast","West Virginia",2008,1840
"Population_(Thousands)","Great Lakes","Wisconsin",2008,5641
"Population_(Thousands)","Rocky Mountains","Wyoming",2008,546
"Population_(Thousands)","Southeast","Alabama",2009,4758
"Population_(Thousands)","Far West","Alaska",2009,699
"Population_(Thousands)","Southwest","Arizona",2009,6343
"Population_(Thousands)","Southeast","Arkansas",2009,2897
"Population_(Thousands)","Far West","California",2009,36961
"Population_(Thousands)","Rocky Mountains","Colorado",2009,4972
"Population_(Thousands)","New England","Connecticut",2009,3562
"Population_(Thousands)","Mideast","Delaware",2009,892
"Population_(Thousands)","Mideast","District of Columbia",2009,592
"Population_(Thousands)","Southeast","Florida",2009,18653
"Population_(Thousands)","Southeast","Georgia",2009,9621
"Population_(Thousands)","Far West","Hawaii",2009,1347
"Population_(Thousands)","Rocky Mountains","Idaho",2009,1554
"Population_(Thousands)","Great Lakes","Illinois",2009,12797
"Population_(Thousands)","Great Lakes","Indiana",2009,6459
"Population_(Thousands)","Plains","Iowa",2009,3033
"Population_(Thousands)","Plains","Kansas",2009,2833
"Population_(Thousands)","Southeast","Kentucky",2009,4317
"Population_(Thousands)","Southeast","Louisiana",2009,4492
"Population_(Thousands)","New England","Maine",2009,1330
"Population_(Thousands)","Mideast","Maryland",2009,5730
"Population_(Thousands)","New England","Massachusetts",2009,6518
"Population_(Thousands)","Great Lakes","Michigan",2009,9902
"Population_(Thousands)","Plains","Minnesota",2009,5281
"Population_(Thousands)","Southeast","Mississippi",2009,2959
"Population_(Thousands)","Plains","Missouri",2009,5961
"Population_(Thousands)","Rocky Mountains","Montana",2009,984
"Population_(Thousands)","Plains","Nebraska",2009,1813
"Population_(Thousands)","Far West","Nevada",2009,2685
"Population_(Thousands)","New England","New Hampshire",2009,1316
"Population_(Thousands)","Mideast","New Jersey",2009,8756
"Population_(Thousands)","Southwest","New Mexico",2009,2037
"Population_(Thousands)","Mideast","New York",2009,19307
"Population_(Thousands)","Southeast","North Carolina",2009,9450
"Population_(Thousands)","Plains","North Dakota",2009,665
"Population_(Thousands)","Great Lakes","Ohio",2009,11529
"Population_(Thousands)","Southwest","Oklahoma",2009,3718
"Population_(Thousands)","Far West","Oregon",2009,3809
"Population_(Thousands)","Mideast","Pennsylvania",2009,12667
"Population_(Thousands)","New England","Rhode Island",2009,1054
"Population_(Thousands)","Southeast","South Carolina",2009,4590
"Population_(Thousands)","Plains","South Dakota",2009,807
"Population_(Thousands)","Southeast","Tennessee",2009,6306
"Population_(Thousands)","Southwest","Texas",2009,24802
"Population_(Thousands)","Rocky Mountains","Utah",2009,2723
"Population_(Thousands)","New England","Vermont",2009,625
"Population_(Thousands)","Southeast","Virginia",2009,7926
"Population_(Thousands)","Far West","Washington",2009,6667
"Population_(Thousands)","Southeast","West Virginia",2009,1848
"Population_(Thousands)","Great Lakes","Wisconsin",2009,5669
"Population_(Thousands)","Rocky Mountains","Wyoming",2009,560
"Population_(Thousands)","Southeast","Alabama",2010,4785
"Population_(Thousands)","Far West","Alaska",2010,714
"Population_(Thousands)","Southwest","Arizona",2010,6408
"Population_(Thousands)","Southeast","Arkansas",2010,2922
"Population_(Thousands)","Far West","California",2010,37333
"Population_(Thousands)","Rocky Mountains","Colorado",2010,5049
"Population_(Thousands)","New England","Connecticut",2010,3580
"Population_(Thousands)","Mideast","Delaware",2010,900
"Population_(Thousands)","Mideast","District of Columbia",2010,605
"Population_(Thousands)","Southeast","Florida",2010,18849
"Population_(Thousands)","Southeast","Georgia",2010,9714
"Population_(Thousands)","Far West","Hawaii",2010,1364
"Population_(Thousands)","Rocky Mountains","Idaho",2010,1571
"Population_(Thousands)","Great Lakes","Illinois",2010,12842
"Population_(Thousands)","Great Lakes","Indiana",2010,6491
"Population_(Thousands)","Plains","Iowa",2010,3051
"Population_(Thousands)","Plains","Kansas",2010,2859
"Population_(Thousands)","Southeast","Kentucky",2010,4349
"Population_(Thousands)","Southeast","Louisiana",2010,4545
"Population_(Thousands)","New England","Maine",2010,1328
"Population_(Thousands)","Mideast","Maryland",2010,5789
"Population_(Thousands)","New England","Massachusetts",2010,6566
"Population_(Thousands)","Great Lakes","Michigan",2010,9877
"Population_(Thousands)","Plains","Minnesota",2010,5311
"Population_(Thousands)","Southeast","Mississippi",2010,2970
"Population_(Thousands)","Plains","Missouri",2010,5996
"Population_(Thousands)","Rocky Mountains","Montana",2010,991
"Population_(Thousands)","Plains","Nebraska",2010,1830
"Population_(Thousands)","Far West","Nevada",2010,2703
"Population_(Thousands)","New England","New Hampshire",2010,1317
"Population_(Thousands)","Mideast","New Jersey",2010,8804
"Population_(Thousands)","Southwest","New Mexico",2010,2065
"Population_(Thousands)","Mideast","New York",2010,19403
"Population_(Thousands)","Southeast","North Carolina",2010,9559
"Population_(Thousands)","Plains","North Dakota",2010,675
"Population_(Thousands)","Great Lakes","Ohio",2010,11541
"Population_(Thousands)","Southwest","Oklahoma",2010,3760
"Population_(Thousands)","Far West","Oregon",2010,3838
"Population_(Thousands)","Mideast","Pennsylvania",2010,12712
"Population_(Thousands)","New England","Rhode Island",2010,1053
"Population_(Thousands)","Southeast","South Carolina",2010,4636
"Population_(Thousands)","Plains","South Dakota",2010,816
"Population_(Thousands)","Southeast","Tennessee",2010,6357
"Population_(Thousands)","Southwest","Texas",2010,25244
"Population_(Thousands)","Rocky Mountains","Utah",2010,2775
"Population_(Thousands)","New England","Vermont",2010,626
"Population_(Thousands)","Southeast","Virginia",2010,8026
"Population_(Thousands)","Far West","Washington",2010,6743
"Population_(Thousands)","Southeast","West Virginia",2010,1854
"Population_(Thousands)","Great Lakes","Wisconsin",2010,5690
"Population_(Thousands)","Rocky Mountains","Wyoming",2010,565
"Population_(Thousands)","Southeast","Alabama",2011,4800
"Population_(Thousands)","Far West","Alaska",2011,723
"Population_(Thousands)","Southwest","Arizona",2011,6467
"Population_(Thousands)","Southeast","Arkansas",2011,2939
"Population_(Thousands)","Far West","California",2011,37677
"Population_(Thousands)","Rocky Mountains","Colorado",2011,5118
"Population_(Thousands)","New England","Connecticut",2011,3590
"Population_(Thousands)","Mideast","Delaware",2011,908
"Population_(Thousands)","Mideast","District of Columbia",2011,620
"Population_(Thousands)","Southeast","Florida",2011,19097
"Population_(Thousands)","Southeast","Georgia",2011,9812
"Population_(Thousands)","Far West","Hawaii",2011,1378
"Population_(Thousands)","Rocky Mountains","Idaho",2011,1584
"Population_(Thousands)","Great Lakes","Illinois",2011,12860
"Population_(Thousands)","Great Lakes","Indiana",2011,6516
"Population_(Thousands)","Plains","Iowa",2011,3065
"Population_(Thousands)","Plains","Kansas",2011,2870
"Population_(Thousands)","Southeast","Kentucky",2011,4369
"Population_(Thousands)","Southeast","Louisiana",2011,4575
"Population_(Thousands)","New England","Maine",2011,1328
"Population_(Thousands)","Mideast","Maryland",2011,5844
"Population_(Thousands)","New England","Massachusetts",2011,6612
"Population_(Thousands)","Great Lakes","Michigan",2011,9876
"Population_(Thousands)","Plains","Minnesota",2011,5349
"Population_(Thousands)","Southeast","Mississippi",2011,2978
"Population_(Thousands)","Plains","Missouri",2011,6011
"Population_(Thousands)","Rocky Mountains","Montana",2011,998
"Population_(Thousands)","Plains","Nebraska",2011,1842
"Population_(Thousands)","Far West","Nevada",2011,2718
"Population_(Thousands)","New England","New Hampshire",2011,1318
"Population_(Thousands)","Mideast","New Jersey",2011,8841
"Population_(Thousands)","Southwest","New Mexico",2011,2078
"Population_(Thousands)","Mideast","New York",2011,19520
"Population_(Thousands)","Southeast","North Carolina",2011,9651
"Population_(Thousands)","Plains","North Dakota",2011,685
"Population_(Thousands)","Great Lakes","Ohio",2011,11545
"Population_(Thousands)","Southwest","Oklahoma",2011,3786
"Population_(Thousands)","Far West","Oregon",2011,3868
"Population_(Thousands)","Mideast","Pennsylvania",2011,12744
"Population_(Thousands)","New England","Rhode Island",2011,1052
"Population_(Thousands)","Southeast","South Carolina",2011,4673
"Population_(Thousands)","Plains","South Dakota",2011,824
"Population_(Thousands)","Southeast","Tennessee",2011,6398
"Population_(Thousands)","Southwest","Texas",2011,25646
"Population_(Thousands)","Rocky Mountains","Utah",2011,2816
"Population_(Thousands)","New England","Vermont",2011,627
"Population_(Thousands)","Southeast","Virginia",2011,8110
"Population_(Thousands)","Far West","Washington",2011,6823
"Population_(Thousands)","Southeast","West Virginia",2011,1855
"Population_(Thousands)","Great Lakes","Wisconsin",2011,5710
"Population_(Thousands)","Rocky Mountains","Wyoming",2011,568
"Population_(Thousands)","Southeast","Alabama",2012,4816
"Population_(Thousands)","Far West","Alaska",2012,731
"Population_(Thousands)","Southwest","Arizona",2012,6550
"Population_(Thousands)","Southeast","Arkansas",2012,2951
"Population_(Thousands)","Far West","California",2012,38011
"Population_(Thousands)","Rocky Mountains","Colorado",2012,5190
"Population_(Thousands)","New England","Connecticut",2012,3594
"Population_(Thousands)","Mideast","Delaware",2012,917
"Population_(Thousands)","Mideast","District of Columbia",2012,635
"Population_(Thousands)","Southeast","Florida",2012,19344
"Population_(Thousands)","Southeast","Georgia",2012,9915
"Population_(Thousands)","Far West","Hawaii",2012,1392
"Population_(Thousands)","Rocky Mountains","Idaho",2012,1596
"Population_(Thousands)","Great Lakes","Illinois",2012,12871
"Population_(Thousands)","Great Lakes","Indiana",2012,6538
"Population_(Thousands)","Plains","Iowa",2012,3076
"Population_(Thousands)","Plains","Kansas",2012,2885
"Population_(Thousands)","Southeast","Kentucky",2012,4385
"Population_(Thousands)","Southeast","Louisiana",2012,4603
"Population_(Thousands)","New England","Maine",2012,1329
"Population_(Thousands)","Mideast","Maryland",2012,5890
"Population_(Thousands)","New England","Massachusetts",2012,6658
"Population_(Thousands)","Great Lakes","Michigan",2012,9887
"Population_(Thousands)","Plains","Minnesota",2012,5380
"Population_(Thousands)","Southeast","Mississippi",2012,2985
"Population_(Thousands)","Plains","Missouri",2012,6025
"Population_(Thousands)","Rocky Mountains","Montana",2012,1005
"Population_(Thousands)","Plains","Nebraska",2012,1856
"Population_(Thousands)","Far West","Nevada",2012,2753
"Population_(Thousands)","New England","New Hampshire",2012,1321
"Population_(Thousands)","Mideast","New Jersey",2012,8873
"Population_(Thousands)","Southwest","New Mexico",2012,2084
"Population_(Thousands)","Mideast","New York",2012,19603
"Population_(Thousands)","Southeast","North Carolina",2012,9746
"Population_(Thousands)","Plains","North Dakota",2012,702
"Population_(Thousands)","Great Lakes","Ohio",2012,11551
"Population_(Thousands)","Southwest","Oklahoma",2012,3817
"Population_(Thousands)","Far West","Oregon",2012,3899
"Population_(Thousands)","Mideast","Pennsylvania",2012,12772
"Population_(Thousands)","New England","Rhode Island",2012,1053
"Population_(Thousands)","Southeast","South Carolina",2012,4721
"Population_(Thousands)","Plains","South Dakota",2012,834
"Population_(Thousands)","Southeast","Tennessee",2012,6454
"Population_(Thousands)","Southwest","Texas",2012,26072
"Population_(Thousands)","Rocky Mountains","Utah",2012,2856
"Population_(Thousands)","New England","Vermont",2012,626
"Population_(Thousands)","Southeast","Virginia",2012,8192
"Population_(Thousands)","Far West","Washington",2012,6895
"Population_(Thousands)","Southeast","West Virginia",2012,1857
"Population_(Thousands)","Great Lakes","Wisconsin",2012,5726
"Population_(Thousands)","Rocky Mountains","Wyoming",2012,577
"Population_(Thousands)","Southeast","Alabama",2013,4829
"Population_(Thousands)","Far West","Alaska",2013,737
"Population_(Thousands)","Southwest","Arizona",2013,6625
"Population_(Thousands)","Southeast","Arkansas",2013,2959
"Population_(Thousands)","Far West","California",2013,38335
"Population_(Thousands)","Rocky Mountains","Colorado",2013,5268
"Population_(Thousands)","New England","Connecticut",2013,3596
"Population_(Thousands)","Mideast","Delaware",2013,925
"Population_(Thousands)","Mideast","District of Columbia",2013,649
"Population_(Thousands)","Southeast","Florida",2013,19582
"Population_(Thousands)","Southeast","Georgia",2013,9985
"Population_(Thousands)","Far West","Hawaii",2013,1406
"Population_(Thousands)","Rocky Mountains","Idaho",2013,1612
"Population_(Thousands)","Great Lakes","Illinois",2013,12880
"Population_(Thousands)","Great Lakes","Indiana",2013,6569
"Population_(Thousands)","Plains","Iowa",2013,3092
"Population_(Thousands)","Plains","Kansas",2013,2893
"Population_(Thousands)","Southeast","Kentucky",2013,4400
"Population_(Thousands)","Southeast","Louisiana",2013,4626
"Population_(Thousands)","New England","Maine",2013,1329
"Population_(Thousands)","Mideast","Maryland",2013,5931
"Population_(Thousands)","New England","Massachusetts",2013,6707
"Population_(Thousands)","Great Lakes","Michigan",2013,9899
"Population_(Thousands)","Plains","Minnesota",2013,5419
"Population_(Thousands)","Southeast","Mississippi",2013,2990
"Population_(Thousands)","Plains","Missouri",2013,6043
"Population_(Thousands)","Rocky Mountains","Montana",2013,1014
"Population_(Thousands)","Plains","Nebraska",2013,1869
"Population_(Thousands)","Far West","Nevada",2013,2786
"Population_(Thousands)","New England","New Hampshire",2013,1323
"Population_(Thousands)","Mideast","New Jersey",2013,8899
"Population_(Thousands)","Southwest","New Mexico",2013,2085
"Population_(Thousands)","Mideast","New York",2013,19674
"Population_(Thousands)","Southeast","North Carolina",2013,9842
"Population_(Thousands)","Plains","North Dakota",2013,724
"Population_(Thousands)","Great Lakes","Ohio",2013,11570
"Population_(Thousands)","Southwest","Oklahoma",2013,3852
"Population_(Thousands)","Far West","Oregon",2013,3926
"Population_(Thousands)","Mideast","Pennsylvania",2013,12781
"Population_(Thousands)","New England","Rhode Island",2013,1053
"Population_(Thousands)","Southeast","South Carolina",2013,4768
"Population_(Thousands)","Plains","South Dakota",2013,845
"Population_(Thousands)","Southeast","Tennessee",2013,6495
"Population_(Thousands)","Southwest","Texas",2013,26474
"Population_(Thousands)","Rocky Mountains","Utah",2013,2903
"Population_(Thousands)","New England","Vermont",2013,627
"Population_(Thousands)","Southeast","Virginia",2013,8263
"Population_(Thousands)","Far West","Washington",2013,6968
"Population_(Thousands)","Southeast","West Virginia",2013,1853
"Population_(Thousands)","Great Lakes","Wisconsin",2013,5743
"Population_(Thousands)","Rocky Mountains","Wyoming",2013,583
"Population_(Thousands)","Southeast","Alabama",2014,4843
"Population_(Thousands)","Far West","Alaska",2014,737
"Population_(Thousands)","Southwest","Arizona",2014,6720
"Population_(Thousands)","Southeast","Arkansas",2014,2967
"Population_(Thousands)","Far West","California",2014,38681
"Population_(Thousands)","Rocky Mountains","Colorado",2014,5350
"Population_(Thousands)","New England","Connecticut",2014,3592
"Population_(Thousands)","Mideast","Delaware",2014,935
"Population_(Thousands)","Mideast","District of Columbia",2014,659
"Population_(Thousands)","Southeast","Florida",2014,19889
"Population_(Thousands)","Southeast","Georgia",2014,10087
"Population_(Thousands)","Far West","Hawaii",2014,1416
"Population_(Thousands)","Rocky Mountains","Idaho",2014,1634
"Population_(Thousands)","Great Lakes","Illinois",2014,12868
"Population_(Thousands)","Great Lakes","Indiana",2014,6595
"Population_(Thousands)","Plains","Iowa",2014,3108
"Population_(Thousands)","Plains","Kansas",2014,2899
"Population_(Thousands)","Southeast","Kentucky",2014,4413
"Population_(Thousands)","Southeast","Louisiana",2014,4648
"Population_(Thousands)","New England","Maine",2014,1331
"Population_(Thousands)","Mideast","Maryland",2014,5967
"Population_(Thousands)","New England","Massachusetts",2014,6750
"Population_(Thousands)","Great Lakes","Michigan",2014,9916
"Population_(Thousands)","Plains","Minnesota",2014,5453
"Population_(Thousands)","Southeast","Mississippi",2014,2992
"Population_(Thousands)","Plains","Missouri",2014,6061
"Population_(Thousands)","Rocky Mountains","Montana",2014,1023
"Population_(Thousands)","Plains","Nebraska",2014,1881
"Population_(Thousands)","Far West","Nevada",2014,2833
"Population_(Thousands)","New England","New Hampshire",2014,1329
"Population_(Thousands)","Mideast","New Jersey",2014,8925
"Population_(Thousands)","Southwest","New Mexico",2014,2083
"Population_(Thousands)","Mideast","New York",2014,19719
"Population_(Thousands)","Southeast","North Carolina",2014,9934
"Population_(Thousands)","Plains","North Dakota",2014,740
"Population_(Thousands)","Great Lakes","Ohio",2014,11594
"Population_(Thousands)","Southwest","Oklahoma",2014,3877
"Population_(Thousands)","Far West","Oregon",2014,3968
"Population_(Thousands)","Mideast","Pennsylvania",2014,12791
"Population_(Thousands)","New England","Rhode Island",2014,1054
"Population_(Thousands)","Southeast","South Carolina",2014,4828
"Population_(Thousands)","Plains","South Dakota",2014,853
"Population_(Thousands)","Southeast","Tennessee",2014,6545
"Population_(Thousands)","Southwest","Texas",2014,26945
"Population_(Thousands)","Rocky Mountains","Utah",2014,2942
"Population_(Thousands)","New England","Vermont",2014,627
"Population_(Thousands)","Southeast","Virginia",2014,8317
"Population_(Thousands)","Far West","Washington",2014,7054
"Population_(Thousands)","Southeast","West Virginia",2014,1849
"Population_(Thousands)","Great Lakes","Wisconsin",2014,5758
"Population_(Thousands)","Rocky Mountains","Wyoming",2014,584
